/*
Navicat Oracle Data Transfer
Oracle Client Version : 10.2.0.3.0

Source Server         : oracle连接study
Source Server Version : 100200
Source Host           : 127.0.0.1:1521
Source Schema         : SCOTT

Target Server Type    : ORACLE
Target Server Version : 100200
File Encoding         : 65001

Date: 2017-09-22 15:09:13
*/


-- ----------------------------
-- Table structure for ADDRESS
-- ----------------------------
DROP TABLE "SCOTT"."ADDRESS";
CREATE TABLE "SCOTT"."ADDRESS" (
"ADDRESSID" NUMBER NOT NULL ,
"USERID" NUMBER NULL ,
"USERNAME" VARCHAR2(20 BYTE) NULL ,
"ADDRESS" VARCHAR2(30 BYTE) NULL ,
"TELEPHONE" VARCHAR2(11 BYTE) NULL ,
"PHONE" VARCHAR2(11 BYTE) NULL ,
"UNICODE" VARCHAR2(10 BYTE) NULL ,
"EFFECTIVE" NUMBER NULL 
)
LOGGING
NOCOMPRESS
NOCACHE

;

-- ----------------------------
-- Records of ADDRESS
-- ----------------------------
INSERT INTO "SCOTT"."ADDRESS" VALUES ('1', '1', '杏花雨', '江西省吉安市', '18720865791', '18720865791', '343700', '1');
INSERT INTO "SCOTT"."ADDRESS" VALUES ('2', '1', '曾志湖', '江西省吉安市泰和县', '18370676182', '18370676182', '343700', '0');
INSERT INTO "SCOTT"."ADDRESS" VALUES ('31', '3', '猴子', '江西省赣州市章贡区沙石镇', '17370134037', '17370134037', '341000', '1');
INSERT INTO "SCOTT"."ADDRESS" VALUES ('32', '91', '小智', '江西省赣州市章贡区', '13177619167', '13177619167', '341000', '1');

-- ----------------------------
-- Table structure for BANK
-- ----------------------------
DROP TABLE "SCOTT"."BANK";
CREATE TABLE "SCOTT"."BANK" (
"BANKID" NUMBER NOT NULL ,
"BANKNAME" VARCHAR2(60 BYTE) NOT NULL 
)
LOGGING
NOCOMPRESS
NOCACHE

;

-- ----------------------------
-- Records of BANK
-- ----------------------------
INSERT INTO "SCOTT"."BANK" VALUES ('5', '中国工商银行');
INSERT INTO "SCOTT"."BANK" VALUES ('2', '中国建设银行');
INSERT INTO "SCOTT"."BANK" VALUES ('3', '中国农业银行');
INSERT INTO "SCOTT"."BANK" VALUES ('1', '中国银行');
INSERT INTO "SCOTT"."BANK" VALUES ('4', '中国邮政银行');

-- ----------------------------
-- Table structure for BONUS
-- ----------------------------
DROP TABLE "SCOTT"."BONUS";
CREATE TABLE "SCOTT"."BONUS" (
"ENAME" VARCHAR2(10 BYTE) NULL ,
"JOB" VARCHAR2(9 BYTE) NULL ,
"SAL" NUMBER NULL ,
"COMM" NUMBER NULL 
)
LOGGING
NOCOMPRESS
NOCACHE

;

-- ----------------------------
-- Records of BONUS
-- ----------------------------

-- ----------------------------
-- Table structure for CASHRECORD
-- ----------------------------
DROP TABLE "SCOTT"."CASHRECORD";
CREATE TABLE "SCOTT"."CASHRECORD" (
"PAYRECORDID" NUMBER NOT NULL ,
"USERID" NUMBER NOT NULL ,
"HOMEID" NUMBER NULL ,
"STOREID" NUMBER DEFAULT 0  NULL ,
"CASHDATE" DATE DEFAULT sysdate  NULL ,
"PAYMONEY" FLOAT NULL ,
"INCOMMONEY" FLOAT NULL ,
"STATUS" NUMBER NOT NULL ,
"REASON" VARCHAR2(500 BYTE) NULL 
)
LOGGING
NOCOMPRESS
NOCACHE

;

-- ----------------------------
-- Records of CASHRECORD
-- ----------------------------

-- ----------------------------
-- Table structure for CITY
-- ----------------------------
DROP TABLE "SCOTT"."CITY";
CREATE TABLE "SCOTT"."CITY" (
"CITYID" NUMBER NOT NULL ,
"CITYNAME" VARCHAR2(100 BYTE) NOT NULL ,
"PROVINCEID" NUMBER NULL 
)
LOGGING
NOCOMPRESS
NOCACHE

;

-- ----------------------------
-- Records of CITY
-- ----------------------------
INSERT INTO "SCOTT"."CITY" VALUES ('1', '石景山区', '1');
INSERT INTO "SCOTT"."CITY" VALUES ('2', '海淀区', '1');
INSERT INTO "SCOTT"."CITY" VALUES ('3', '门头沟区', '1');
INSERT INTO "SCOTT"."CITY" VALUES ('4', '房山区', '1');
INSERT INTO "SCOTT"."CITY" VALUES ('5', '通州区', '1');
INSERT INTO "SCOTT"."CITY" VALUES ('6', '顺义区', '1');
INSERT INTO "SCOTT"."CITY" VALUES ('7', '东城区', '1');
INSERT INTO "SCOTT"."CITY" VALUES ('8', '西城区', '1');
INSERT INTO "SCOTT"."CITY" VALUES ('9', '崇文区', '1');
INSERT INTO "SCOTT"."CITY" VALUES ('10', '宣武区', '1');
INSERT INTO "SCOTT"."CITY" VALUES ('11', '朝阳区', '1');
INSERT INTO "SCOTT"."CITY" VALUES ('12', '丰台区', '1');
INSERT INTO "SCOTT"."CITY" VALUES ('13', '昌平区', '1');
INSERT INTO "SCOTT"."CITY" VALUES ('14', '大兴区', '1');
INSERT INTO "SCOTT"."CITY" VALUES ('15', '平谷区', '1');
INSERT INTO "SCOTT"."CITY" VALUES ('16', '怀柔区', '1');
INSERT INTO "SCOTT"."CITY" VALUES ('17', '东丽区', '2');
INSERT INTO "SCOTT"."CITY" VALUES ('18', '西青区', '2');
INSERT INTO "SCOTT"."CITY" VALUES ('19', '津南区', '2');
INSERT INTO "SCOTT"."CITY" VALUES ('20', '北辰区', '2');
INSERT INTO "SCOTT"."CITY" VALUES ('21', '武清区', '2');
INSERT INTO "SCOTT"."CITY" VALUES ('22', '宝坻区', '2');
INSERT INTO "SCOTT"."CITY" VALUES ('23', '和平区', '2');
INSERT INTO "SCOTT"."CITY" VALUES ('24', '河东区', '2');
INSERT INTO "SCOTT"."CITY" VALUES ('25', '河西区', '2');
INSERT INTO "SCOTT"."CITY" VALUES ('26', '南开区', '2');
INSERT INTO "SCOTT"."CITY" VALUES ('27', '河北区', '2');
INSERT INTO "SCOTT"."CITY" VALUES ('28', '红桥区', '2');
INSERT INTO "SCOTT"."CITY" VALUES ('29', '塘沽区', '2');
INSERT INTO "SCOTT"."CITY" VALUES ('30', '汉沽区', '2');
INSERT INTO "SCOTT"."CITY" VALUES ('31', '大港区', '2');
INSERT INTO "SCOTT"."CITY" VALUES ('32', '石家庄市', '3');
INSERT INTO "SCOTT"."CITY" VALUES ('33', '邯郸市', '3');
INSERT INTO "SCOTT"."CITY" VALUES ('34', '唐山市', '3');
INSERT INTO "SCOTT"."CITY" VALUES ('35', '秦皇岛', '3');
INSERT INTO "SCOTT"."CITY" VALUES ('36', '邢台市', '3');
INSERT INTO "SCOTT"."CITY" VALUES ('37', '保定市', '3');
INSERT INTO "SCOTT"."CITY" VALUES ('38', '张家口', '3');
INSERT INTO "SCOTT"."CITY" VALUES ('39', '承德市', '3');
INSERT INTO "SCOTT"."CITY" VALUES ('40', '沧州市', '3');
INSERT INTO "SCOTT"."CITY" VALUES ('41', '衡水市', '3');
INSERT INTO "SCOTT"."CITY" VALUES ('42', '廊坊市', '3');
INSERT INTO "SCOTT"."CITY" VALUES ('43', '大同市', '4');
INSERT INTO "SCOTT"."CITY" VALUES ('44', '太原市', '4');
INSERT INTO "SCOTT"."CITY" VALUES ('45', '阳泉市', '4');
INSERT INTO "SCOTT"."CITY" VALUES ('46', '长治市', '4');
INSERT INTO "SCOTT"."CITY" VALUES ('47', '晋城市', '4');
INSERT INTO "SCOTT"."CITY" VALUES ('48', '朔州市', '4');
INSERT INTO "SCOTT"."CITY" VALUES ('49', '忻州市', '4');
INSERT INTO "SCOTT"."CITY" VALUES ('50', '吕梁市', '4');
INSERT INTO "SCOTT"."CITY" VALUES ('51', '晋中市', '4');
INSERT INTO "SCOTT"."CITY" VALUES ('52', '临汾市', '4');
INSERT INTO "SCOTT"."CITY" VALUES ('53', '运城市', '4');
INSERT INTO "SCOTT"."CITY" VALUES ('54', '呼和浩特市', '5');
INSERT INTO "SCOTT"."CITY" VALUES ('55', '包头市', '5');
INSERT INTO "SCOTT"."CITY" VALUES ('56', '乌海市', '5');
INSERT INTO "SCOTT"."CITY" VALUES ('57', '赤峰市', '5');
INSERT INTO "SCOTT"."CITY" VALUES ('58', '呼伦贝尔市', '5');
INSERT INTO "SCOTT"."CITY" VALUES ('59', '兴安盟', '5');
INSERT INTO "SCOTT"."CITY" VALUES ('60', '通辽市', '5');
INSERT INTO "SCOTT"."CITY" VALUES ('61', '锡林郭勒盟', '5');
INSERT INTO "SCOTT"."CITY" VALUES ('62', '乌兰察布盟', '5');
INSERT INTO "SCOTT"."CITY" VALUES ('63', '伊克昭盟', '5');
INSERT INTO "SCOTT"."CITY" VALUES ('64', '巴彦淖尔盟', '5');
INSERT INTO "SCOTT"."CITY" VALUES ('65', '阿拉善盟', '5');
INSERT INTO "SCOTT"."CITY" VALUES ('66', '沈阳市', '6');
INSERT INTO "SCOTT"."CITY" VALUES ('67', '大连市', '6');
INSERT INTO "SCOTT"."CITY" VALUES ('68', '鞍山市', '6');
INSERT INTO "SCOTT"."CITY" VALUES ('69', '抚顺市', '6');
INSERT INTO "SCOTT"."CITY" VALUES ('70', '本溪市', '6');
INSERT INTO "SCOTT"."CITY" VALUES ('71', '丹东市', '6');
INSERT INTO "SCOTT"."CITY" VALUES ('72', '锦州市', '6');
INSERT INTO "SCOTT"."CITY" VALUES ('73', '营口市', '6');
INSERT INTO "SCOTT"."CITY" VALUES ('74', '阜新市', '6');
INSERT INTO "SCOTT"."CITY" VALUES ('75', '辽阳市', '6');
INSERT INTO "SCOTT"."CITY" VALUES ('76', '盘锦市', '6');
INSERT INTO "SCOTT"."CITY" VALUES ('77', '铁岭市', '6');
INSERT INTO "SCOTT"."CITY" VALUES ('78', '朝阳市', '6');
INSERT INTO "SCOTT"."CITY" VALUES ('79', '葫芦岛', '6');
INSERT INTO "SCOTT"."CITY" VALUES ('80', '四平市', '7');
INSERT INTO "SCOTT"."CITY" VALUES ('81', '长春市', '7');
INSERT INTO "SCOTT"."CITY" VALUES ('82', '辽源市', '7');
INSERT INTO "SCOTT"."CITY" VALUES ('83', '通化市', '7');
INSERT INTO "SCOTT"."CITY" VALUES ('84', '松原市', '7');
INSERT INTO "SCOTT"."CITY" VALUES ('85', '白城市', '7');
INSERT INTO "SCOTT"."CITY" VALUES ('86', '延边朝鲜族自治州', '7');
INSERT INTO "SCOTT"."CITY" VALUES ('87', '哈尔滨市', '8');
INSERT INTO "SCOTT"."CITY" VALUES ('88', '齐齐哈尔市', '8');
INSERT INTO "SCOTT"."CITY" VALUES ('89', '鹤岗市', '8');
INSERT INTO "SCOTT"."CITY" VALUES ('90', '双鸭山市', '8');
INSERT INTO "SCOTT"."CITY" VALUES ('91', '鸡西市', '8');
INSERT INTO "SCOTT"."CITY" VALUES ('92', '伊春市', '8');
INSERT INTO "SCOTT"."CITY" VALUES ('93', '佳木斯市', '8');
INSERT INTO "SCOTT"."CITY" VALUES ('94', '七台河市', '8');
INSERT INTO "SCOTT"."CITY" VALUES ('95', '绥化市', '8');
INSERT INTO "SCOTT"."CITY" VALUES ('96', '大兴安岭市', '8');
INSERT INTO "SCOTT"."CITY" VALUES ('97', '黄浦区', '9');
INSERT INTO "SCOTT"."CITY" VALUES ('98', '卢湾区', '9');
INSERT INTO "SCOTT"."CITY" VALUES ('99', '徐汇区', '9');
INSERT INTO "SCOTT"."CITY" VALUES ('100', '长宁区', '9');
INSERT INTO "SCOTT"."CITY" VALUES ('101', '静安区', '9');
INSERT INTO "SCOTT"."CITY" VALUES ('102', '普陀区', '9');
INSERT INTO "SCOTT"."CITY" VALUES ('103', '闸北区', '9');
INSERT INTO "SCOTT"."CITY" VALUES ('104', '虹口区', '9');
INSERT INTO "SCOTT"."CITY" VALUES ('105', '杨浦区', '9');
INSERT INTO "SCOTT"."CITY" VALUES ('106', '宝山区', '9');
INSERT INTO "SCOTT"."CITY" VALUES ('107', '闵行区', '9');
INSERT INTO "SCOTT"."CITY" VALUES ('108', '嘉定区', '9');
INSERT INTO "SCOTT"."CITY" VALUES ('109', '松江区', '9');
INSERT INTO "SCOTT"."CITY" VALUES ('110', '金山区', '9');
INSERT INTO "SCOTT"."CITY" VALUES ('111', '青浦区', '9');
INSERT INTO "SCOTT"."CITY" VALUES ('112', '南汇区', '9');
INSERT INTO "SCOTT"."CITY" VALUES ('113', '奉贤区', '9');
INSERT INTO "SCOTT"."CITY" VALUES ('114', '浦东新区', '9');
INSERT INTO "SCOTT"."CITY" VALUES ('115', '南京市', '10');
INSERT INTO "SCOTT"."CITY" VALUES ('116', '苏州市', '10');
INSERT INTO "SCOTT"."CITY" VALUES ('117', '无锡市', '10');
INSERT INTO "SCOTT"."CITY" VALUES ('118', '常州市', '10');
INSERT INTO "SCOTT"."CITY" VALUES ('119', '镇江市', '10');
INSERT INTO "SCOTT"."CITY" VALUES ('120', '南通市', '10');
INSERT INTO "SCOTT"."CITY" VALUES ('121', '泰州市', '10');
INSERT INTO "SCOTT"."CITY" VALUES ('122', '扬州市', '10');
INSERT INTO "SCOTT"."CITY" VALUES ('123', '盐城市', '10');
INSERT INTO "SCOTT"."CITY" VALUES ('124', '连云港市', '10');
INSERT INTO "SCOTT"."CITY" VALUES ('125', '徐州市', '10');
INSERT INTO "SCOTT"."CITY" VALUES ('126', '淮安市', '10');
INSERT INTO "SCOTT"."CITY" VALUES ('127', '宿迁市', '10');
INSERT INTO "SCOTT"."CITY" VALUES ('128', '杭州市', '11');
INSERT INTO "SCOTT"."CITY" VALUES ('129', '宁波市', '11');
INSERT INTO "SCOTT"."CITY" VALUES ('130', '温州市', '11');
INSERT INTO "SCOTT"."CITY" VALUES ('131', '嘉兴市', '11');
INSERT INTO "SCOTT"."CITY" VALUES ('132', '湖州市', '11');
INSERT INTO "SCOTT"."CITY" VALUES ('133', '绍兴市', '11');
INSERT INTO "SCOTT"."CITY" VALUES ('134', '金华市', '11');
INSERT INTO "SCOTT"."CITY" VALUES ('135', '衢州市', '11');
INSERT INTO "SCOTT"."CITY" VALUES ('136', '舟山市', '11');
INSERT INTO "SCOTT"."CITY" VALUES ('137', '台州市', '11');
INSERT INTO "SCOTT"."CITY" VALUES ('138', '丽水市', '11');
INSERT INTO "SCOTT"."CITY" VALUES ('139', '合肥市', '12');
INSERT INTO "SCOTT"."CITY" VALUES ('140', '芜湖市', '12');
INSERT INTO "SCOTT"."CITY" VALUES ('141', '蚌埠市', '12');
INSERT INTO "SCOTT"."CITY" VALUES ('142', '淮南市', '12');
INSERT INTO "SCOTT"."CITY" VALUES ('143', '马鞍山', '12');
INSERT INTO "SCOTT"."CITY" VALUES ('144', '淮北市', '12');
INSERT INTO "SCOTT"."CITY" VALUES ('145', '铜陵市', '12');
INSERT INTO "SCOTT"."CITY" VALUES ('146', '安庆市', '12');
INSERT INTO "SCOTT"."CITY" VALUES ('147', '黄山市', '12');
INSERT INTO "SCOTT"."CITY" VALUES ('148', '滁州市', '12');
INSERT INTO "SCOTT"."CITY" VALUES ('149', '阜阳山', '12');
INSERT INTO "SCOTT"."CITY" VALUES ('150', '宿州市', '12');
INSERT INTO "SCOTT"."CITY" VALUES ('151', '宣城市', '12');
INSERT INTO "SCOTT"."CITY" VALUES ('152', '池州市', '12');
INSERT INTO "SCOTT"."CITY" VALUES ('153', '亳州市', '12');
INSERT INTO "SCOTT"."CITY" VALUES ('154', '六安山', '12');
INSERT INTO "SCOTT"."CITY" VALUES ('155', '巢湖市', '12');
INSERT INTO "SCOTT"."CITY" VALUES ('156', '福州市', '13');
INSERT INTO "SCOTT"."CITY" VALUES ('157', '厦门市', '13');
INSERT INTO "SCOTT"."CITY" VALUES ('158', '莆田市', '13');
INSERT INTO "SCOTT"."CITY" VALUES ('159', '三明市', '13');
INSERT INTO "SCOTT"."CITY" VALUES ('160', '泉州市', '13');
INSERT INTO "SCOTT"."CITY" VALUES ('161', '漳州市', '13');
INSERT INTO "SCOTT"."CITY" VALUES ('162', '南平市', '13');
INSERT INTO "SCOTT"."CITY" VALUES ('163', '龙岩市', '13');
INSERT INTO "SCOTT"."CITY" VALUES ('164', '宁德市', '13');
INSERT INTO "SCOTT"."CITY" VALUES ('165', '南昌市', '14');
INSERT INTO "SCOTT"."CITY" VALUES ('166', '景德镇', '14');
INSERT INTO "SCOTT"."CITY" VALUES ('167', '萍乡市', '14');
INSERT INTO "SCOTT"."CITY" VALUES ('168', '九江市', '14');
INSERT INTO "SCOTT"."CITY" VALUES ('169', '鹰潭市', '14');
INSERT INTO "SCOTT"."CITY" VALUES ('170', '赣州市', '14');
INSERT INTO "SCOTT"."CITY" VALUES ('171', '吉安市', '14');
INSERT INTO "SCOTT"."CITY" VALUES ('172', '宜春市', '14');
INSERT INTO "SCOTT"."CITY" VALUES ('173', '抚州市', '14');
INSERT INTO "SCOTT"."CITY" VALUES ('174', '上饶市', '14');
INSERT INTO "SCOTT"."CITY" VALUES ('175', '济南市', '15');
INSERT INTO "SCOTT"."CITY" VALUES ('176', '青岛市', '15');
INSERT INTO "SCOTT"."CITY" VALUES ('177', '淄博市', '15');
INSERT INTO "SCOTT"."CITY" VALUES ('178', '枣庄市', '15');
INSERT INTO "SCOTT"."CITY" VALUES ('179', '东营市', '15');
INSERT INTO "SCOTT"."CITY" VALUES ('180', '烟台市', '15');
INSERT INTO "SCOTT"."CITY" VALUES ('181', '潍坊市', '15');
INSERT INTO "SCOTT"."CITY" VALUES ('182', '济宁市', '15');
INSERT INTO "SCOTT"."CITY" VALUES ('183', '泰安市', '15');
INSERT INTO "SCOTT"."CITY" VALUES ('184', '威海市', '15');
INSERT INTO "SCOTT"."CITY" VALUES ('185', '日照市', '15');
INSERT INTO "SCOTT"."CITY" VALUES ('186', '莱芜市', '15');
INSERT INTO "SCOTT"."CITY" VALUES ('187', '临沂市', '15');
INSERT INTO "SCOTT"."CITY" VALUES ('188', '德州市', '15');
INSERT INTO "SCOTT"."CITY" VALUES ('189', '聊城市', '15');
INSERT INTO "SCOTT"."CITY" VALUES ('190', '滨州市', '15');
INSERT INTO "SCOTT"."CITY" VALUES ('191', '菏泽市', '15');
INSERT INTO "SCOTT"."CITY" VALUES ('192', '郑州市', '16');
INSERT INTO "SCOTT"."CITY" VALUES ('193', '开封市', '16');
INSERT INTO "SCOTT"."CITY" VALUES ('194', '洛阳市', '16');
INSERT INTO "SCOTT"."CITY" VALUES ('195', '平顶山', '16');
INSERT INTO "SCOTT"."CITY" VALUES ('196', '安阳市', '16');
INSERT INTO "SCOTT"."CITY" VALUES ('197', '鹤壁市', '16');
INSERT INTO "SCOTT"."CITY" VALUES ('198', '新乡市', '16');
INSERT INTO "SCOTT"."CITY" VALUES ('199', '焦作市', '16');
INSERT INTO "SCOTT"."CITY" VALUES ('200', '濮阳市', '16');
INSERT INTO "SCOTT"."CITY" VALUES ('201', '许昌市', '16');
INSERT INTO "SCOTT"."CITY" VALUES ('202', '漯河市', '16');
INSERT INTO "SCOTT"."CITY" VALUES ('203', '三门峡', '16');
INSERT INTO "SCOTT"."CITY" VALUES ('204', '南阳市', '16');
INSERT INTO "SCOTT"."CITY" VALUES ('205', '商丘市', '16');
INSERT INTO "SCOTT"."CITY" VALUES ('206', '信阳市', '16');
INSERT INTO "SCOTT"."CITY" VALUES ('207', '周口店', '16');
INSERT INTO "SCOTT"."CITY" VALUES ('208', '武汉市', '17');
INSERT INTO "SCOTT"."CITY" VALUES ('209', '黄石市', '17');
INSERT INTO "SCOTT"."CITY" VALUES ('210', '十堰市', '17');
INSERT INTO "SCOTT"."CITY" VALUES ('211', '荆州市', '17');
INSERT INTO "SCOTT"."CITY" VALUES ('212', '宜昌市', '17');
INSERT INTO "SCOTT"."CITY" VALUES ('213', '襄樊市', '17');
INSERT INTO "SCOTT"."CITY" VALUES ('214', '鄂州市', '17');
INSERT INTO "SCOTT"."CITY" VALUES ('215', '荆门市', '17');
INSERT INTO "SCOTT"."CITY" VALUES ('216', '孝感市', '17');
INSERT INTO "SCOTT"."CITY" VALUES ('217', '黄冈市', '17');
INSERT INTO "SCOTT"."CITY" VALUES ('218', '咸宁市', '17');
INSERT INTO "SCOTT"."CITY" VALUES ('219', '随州市', '17');
INSERT INTO "SCOTT"."CITY" VALUES ('220', '恩施市', '17');
INSERT INTO "SCOTT"."CITY" VALUES ('221', '仙桃市', '17');
INSERT INTO "SCOTT"."CITY" VALUES ('222', '天门市', '17');
INSERT INTO "SCOTT"."CITY" VALUES ('223', '潜江市', '17');
INSERT INTO "SCOTT"."CITY" VALUES ('224', '神农架林区', '17');
INSERT INTO "SCOTT"."CITY" VALUES ('225', '长沙市', '18');
INSERT INTO "SCOTT"."CITY" VALUES ('226', '株洲市', '18');
INSERT INTO "SCOTT"."CITY" VALUES ('227', '湘潭市', '18');
INSERT INTO "SCOTT"."CITY" VALUES ('228', '衡阳市', '18');
INSERT INTO "SCOTT"."CITY" VALUES ('229', '邵阳市', '18');
INSERT INTO "SCOTT"."CITY" VALUES ('230', '岳阳市', '18');
INSERT INTO "SCOTT"."CITY" VALUES ('231', '常德市', '18');
INSERT INTO "SCOTT"."CITY" VALUES ('232', '张家市', '18');
INSERT INTO "SCOTT"."CITY" VALUES ('233', '益阳市', '18');
INSERT INTO "SCOTT"."CITY" VALUES ('234', '郴州市', '18');
INSERT INTO "SCOTT"."CITY" VALUES ('235', '永州市', '18');
INSERT INTO "SCOTT"."CITY" VALUES ('236', '怀化市', '18');
INSERT INTO "SCOTT"."CITY" VALUES ('237', '娄底市', '18');
INSERT INTO "SCOTT"."CITY" VALUES ('238', '湘西市', '18');
INSERT INTO "SCOTT"."CITY" VALUES ('239', '广州市', '19');
INSERT INTO "SCOTT"."CITY" VALUES ('240', '深圳市', '19');
INSERT INTO "SCOTT"."CITY" VALUES ('241', '东莞市', '19');
INSERT INTO "SCOTT"."CITY" VALUES ('242', '潮州市', '19');
INSERT INTO "SCOTT"."CITY" VALUES ('243', '揭阳市', '19');
INSERT INTO "SCOTT"."CITY" VALUES ('244', '云浮市', '19');
INSERT INTO "SCOTT"."CITY" VALUES ('245', '珠海市', '19');
INSERT INTO "SCOTT"."CITY" VALUES ('246', '汕头市', '19');
INSERT INTO "SCOTT"."CITY" VALUES ('247', '韶关市', '19');
INSERT INTO "SCOTT"."CITY" VALUES ('248', '佛山市', '19');
INSERT INTO "SCOTT"."CITY" VALUES ('249', '江门市', '19');
INSERT INTO "SCOTT"."CITY" VALUES ('250', '湛江市', '19');
INSERT INTO "SCOTT"."CITY" VALUES ('251', '茂名市', '19');
INSERT INTO "SCOTT"."CITY" VALUES ('252', '肇庆市', '19');
INSERT INTO "SCOTT"."CITY" VALUES ('253', '惠州市', '19');
INSERT INTO "SCOTT"."CITY" VALUES ('254', '梅州市', '19');
INSERT INTO "SCOTT"."CITY" VALUES ('255', '汕尾市', '19');
INSERT INTO "SCOTT"."CITY" VALUES ('256', '河源市', '19');
INSERT INTO "SCOTT"."CITY" VALUES ('257', '阳江市', '19');
INSERT INTO "SCOTT"."CITY" VALUES ('258', '清远市', '19');
INSERT INTO "SCOTT"."CITY" VALUES ('259', '南宁市', '20');
INSERT INTO "SCOTT"."CITY" VALUES ('260', '柳州市', '20');
INSERT INTO "SCOTT"."CITY" VALUES ('261', '桂林市', '20');
INSERT INTO "SCOTT"."CITY" VALUES ('262', '梧州市', '20');
INSERT INTO "SCOTT"."CITY" VALUES ('263', '北海市', '20');
INSERT INTO "SCOTT"."CITY" VALUES ('264', '防城市', '20');
INSERT INTO "SCOTT"."CITY" VALUES ('265', '钦州市', '20');
INSERT INTO "SCOTT"."CITY" VALUES ('266', '贵港市', '20');
INSERT INTO "SCOTT"."CITY" VALUES ('267', '玉林市', '20');
INSERT INTO "SCOTT"."CITY" VALUES ('268', '百色市', '20');
INSERT INTO "SCOTT"."CITY" VALUES ('269', '贺州市', '20');
INSERT INTO "SCOTT"."CITY" VALUES ('270', '河池市', '20');
INSERT INTO "SCOTT"."CITY" VALUES ('271', '来宾市', '20');
INSERT INTO "SCOTT"."CITY" VALUES ('272', '崇左市', '20');
INSERT INTO "SCOTT"."CITY" VALUES ('273', '海口市', '21');
INSERT INTO "SCOTT"."CITY" VALUES ('274', '三亚市', '21');
INSERT INTO "SCOTT"."CITY" VALUES ('275', '五指山', '21');
INSERT INTO "SCOTT"."CITY" VALUES ('276', '琼海市', '21');
INSERT INTO "SCOTT"."CITY" VALUES ('277', '儋州市', '21');
INSERT INTO "SCOTT"."CITY" VALUES ('278', '文昌市', '21');
INSERT INTO "SCOTT"."CITY" VALUES ('279', '万宁市', '21');
INSERT INTO "SCOTT"."CITY" VALUES ('280', '东方市', '21');
INSERT INTO "SCOTT"."CITY" VALUES ('281', '渝中区', '22');
INSERT INTO "SCOTT"."CITY" VALUES ('282', '大渡口区', '22');
INSERT INTO "SCOTT"."CITY" VALUES ('283', '江北区', '22');
INSERT INTO "SCOTT"."CITY" VALUES ('284', '南岸区', '22');
INSERT INTO "SCOTT"."CITY" VALUES ('285', '北碚区', '22');
INSERT INTO "SCOTT"."CITY" VALUES ('286', '渝北区', '22');
INSERT INTO "SCOTT"."CITY" VALUES ('287', '巴南区', '22');
INSERT INTO "SCOTT"."CITY" VALUES ('288', '长寿区', '22');
INSERT INTO "SCOTT"."CITY" VALUES ('289', '双桥区', '22');
INSERT INTO "SCOTT"."CITY" VALUES ('290', '沙坪坝区', '22');
INSERT INTO "SCOTT"."CITY" VALUES ('291', '万盛区', '22');
INSERT INTO "SCOTT"."CITY" VALUES ('292', '万州区', '22');
INSERT INTO "SCOTT"."CITY" VALUES ('293', '涪陵区', '22');
INSERT INTO "SCOTT"."CITY" VALUES ('294', '黔江区', '22');
INSERT INTO "SCOTT"."CITY" VALUES ('295', '永川区', '22');
INSERT INTO "SCOTT"."CITY" VALUES ('296', '合川区', '22');
INSERT INTO "SCOTT"."CITY" VALUES ('297', '江津区', '22');
INSERT INTO "SCOTT"."CITY" VALUES ('298', '九龙坡区', '22');
INSERT INTO "SCOTT"."CITY" VALUES ('299', '南川区', '22');
INSERT INTO "SCOTT"."CITY" VALUES ('300', '成都市', '23');
INSERT INTO "SCOTT"."CITY" VALUES ('301', '自贡市', '23');
INSERT INTO "SCOTT"."CITY" VALUES ('302', '攀枝市', '23');
INSERT INTO "SCOTT"."CITY" VALUES ('303', '泸州市', '23');
INSERT INTO "SCOTT"."CITY" VALUES ('304', '德阳市', '23');
INSERT INTO "SCOTT"."CITY" VALUES ('305', '绵阳市', '23');
INSERT INTO "SCOTT"."CITY" VALUES ('306', '广元市', '23');
INSERT INTO "SCOTT"."CITY" VALUES ('307', '遂宁市', '23');
INSERT INTO "SCOTT"."CITY" VALUES ('308', '乐山市', '23');
INSERT INTO "SCOTT"."CITY" VALUES ('309', '南充市', '23');
INSERT INTO "SCOTT"."CITY" VALUES ('310', '眉山市', '23');
INSERT INTO "SCOTT"."CITY" VALUES ('311', '宜宾市', '23');
INSERT INTO "SCOTT"."CITY" VALUES ('312', '广安市', '23');
INSERT INTO "SCOTT"."CITY" VALUES ('313', '达州市', '23');
INSERT INTO "SCOTT"."CITY" VALUES ('314', '雅安市', '23');
INSERT INTO "SCOTT"."CITY" VALUES ('315', '巴中市', '23');
INSERT INTO "SCOTT"."CITY" VALUES ('316', '资阳市', '23');
INSERT INTO "SCOTT"."CITY" VALUES ('317', '阿坝藏族羌族自治州', '23');
INSERT INTO "SCOTT"."CITY" VALUES ('318', '甘孜藏族自治州', '23');
INSERT INTO "SCOTT"."CITY" VALUES ('319', '凉山彝族自治州', '23');
INSERT INTO "SCOTT"."CITY" VALUES ('320', '六盘山', '24');
INSERT INTO "SCOTT"."CITY" VALUES ('321', '贵阳市', '24');
INSERT INTO "SCOTT"."CITY" VALUES ('322', '安顺市', '24');
INSERT INTO "SCOTT"."CITY" VALUES ('323', '遵义市', '24');
INSERT INTO "SCOTT"."CITY" VALUES ('324', '铜仁地区', '24');
INSERT INTO "SCOTT"."CITY" VALUES ('325', '毕节地区', '24');
INSERT INTO "SCOTT"."CITY" VALUES ('326', '黔西南布依族苗族自治州', '24');
INSERT INTO "SCOTT"."CITY" VALUES ('327', '黔东南苗族侗族自治州', '24');
INSERT INTO "SCOTT"."CITY" VALUES ('328', '黔南布依族苗族自治州', '24');
INSERT INTO "SCOTT"."CITY" VALUES ('329', '昆明市', '25');
INSERT INTO "SCOTT"."CITY" VALUES ('330', '曲靖市', '25');
INSERT INTO "SCOTT"."CITY" VALUES ('331', '玉溪市', '25');
INSERT INTO "SCOTT"."CITY" VALUES ('332', '保山市', '25');
INSERT INTO "SCOTT"."CITY" VALUES ('333', '昭通市', '25');
INSERT INTO "SCOTT"."CITY" VALUES ('334', '丽江市', '25');
INSERT INTO "SCOTT"."CITY" VALUES ('335', '普洱市', '25');
INSERT INTO "SCOTT"."CITY" VALUES ('336', '临沧市', '25');
INSERT INTO "SCOTT"."CITY" VALUES ('337', '德宏傣族景颇族自治州', '25');
INSERT INTO "SCOTT"."CITY" VALUES ('338', '怒江傈僳族自治州', '25');
INSERT INTO "SCOTT"."CITY" VALUES ('339', '迪庆藏族自治州', '25');
INSERT INTO "SCOTT"."CITY" VALUES ('340', '大理白族自治州', '25');
INSERT INTO "SCOTT"."CITY" VALUES ('341', '楚雄彝族自治州', '25');
INSERT INTO "SCOTT"."CITY" VALUES ('342', '红河哈尼族彝族自治州', '25');
INSERT INTO "SCOTT"."CITY" VALUES ('343', '文山壮族苗族自治州', '25');
INSERT INTO "SCOTT"."CITY" VALUES ('344', '西双版纳傣族自治州', '25');
INSERT INTO "SCOTT"."CITY" VALUES ('345', '拉萨市', '26');
INSERT INTO "SCOTT"."CITY" VALUES ('346', '那曲地区', '26');
INSERT INTO "SCOTT"."CITY" VALUES ('347', '林芝地区', '26');
INSERT INTO "SCOTT"."CITY" VALUES ('348', '昌都地区', '26');
INSERT INTO "SCOTT"."CITY" VALUES ('349', '山南地区', '26');
INSERT INTO "SCOTT"."CITY" VALUES ('350', '日喀则地区', '26');
INSERT INTO "SCOTT"."CITY" VALUES ('351', '阿里地区', '26');
INSERT INTO "SCOTT"."CITY" VALUES ('352', '西安市', '27');
INSERT INTO "SCOTT"."CITY" VALUES ('353', '铜川市', '27');
INSERT INTO "SCOTT"."CITY" VALUES ('354', '宝鸡市', '27');
INSERT INTO "SCOTT"."CITY" VALUES ('355', '咸阳市', '27');
INSERT INTO "SCOTT"."CITY" VALUES ('356', '渭南市', '27');
INSERT INTO "SCOTT"."CITY" VALUES ('357', '延安市', '27');
INSERT INTO "SCOTT"."CITY" VALUES ('358', '汉中市', '27');
INSERT INTO "SCOTT"."CITY" VALUES ('359', '榆林市', '27');
INSERT INTO "SCOTT"."CITY" VALUES ('360', '安康市', '27');
INSERT INTO "SCOTT"."CITY" VALUES ('361', '商洛市', '27');
INSERT INTO "SCOTT"."CITY" VALUES ('362', '兰州市', '28');
INSERT INTO "SCOTT"."CITY" VALUES ('363', '嘉峪关', '28');
INSERT INTO "SCOTT"."CITY" VALUES ('364', '金昌市', '28');
INSERT INTO "SCOTT"."CITY" VALUES ('365', '白银市', '28');
INSERT INTO "SCOTT"."CITY" VALUES ('366', '天水市', '28');
INSERT INTO "SCOTT"."CITY" VALUES ('367', '武威市', '28');
INSERT INTO "SCOTT"."CITY" VALUES ('368', '酒泉市', '28');
INSERT INTO "SCOTT"."CITY" VALUES ('369', '张掖市', '28');
INSERT INTO "SCOTT"."CITY" VALUES ('370', '庆阳市', '28');
INSERT INTO "SCOTT"."CITY" VALUES ('371', '平凉市', '28');
INSERT INTO "SCOTT"."CITY" VALUES ('372', '定西市', '28');
INSERT INTO "SCOTT"."CITY" VALUES ('373', '陇南市', '28');
INSERT INTO "SCOTT"."CITY" VALUES ('374', '临夏回族自治州', '28');
INSERT INTO "SCOTT"."CITY" VALUES ('375', '甘南藏族自治州', '28');
INSERT INTO "SCOTT"."CITY" VALUES ('376', '西宁市', '29');
INSERT INTO "SCOTT"."CITY" VALUES ('377', '海东地区', '29');
INSERT INTO "SCOTT"."CITY" VALUES ('378', '海北藏族自治州', '29');
INSERT INTO "SCOTT"."CITY" VALUES ('379', '海南藏族自治州', '29');
INSERT INTO "SCOTT"."CITY" VALUES ('380', '黄南藏族自治州', '29');
INSERT INTO "SCOTT"."CITY" VALUES ('381', '果洛藏族自治州', '29');
INSERT INTO "SCOTT"."CITY" VALUES ('382', '玉树藏族自治州', '29');
INSERT INTO "SCOTT"."CITY" VALUES ('383', '海西蒙古族藏族自治州', '29');
INSERT INTO "SCOTT"."CITY" VALUES ('384', '银川市', '30');
INSERT INTO "SCOTT"."CITY" VALUES ('385', '石嘴山', '30');
INSERT INTO "SCOTT"."CITY" VALUES ('386', '吴忠市', '30');
INSERT INTO "SCOTT"."CITY" VALUES ('387', '固原市', '30');
INSERT INTO "SCOTT"."CITY" VALUES ('388', '中卫市', '30');
INSERT INTO "SCOTT"."CITY" VALUES ('389', '乌鲁木齐市', '31');
INSERT INTO "SCOTT"."CITY" VALUES ('390', '克拉玛依市', '31');
INSERT INTO "SCOTT"."CITY" VALUES ('391', '吐鲁番地区', '31');
INSERT INTO "SCOTT"."CITY" VALUES ('392', '哈密地区', '31');
INSERT INTO "SCOTT"."CITY" VALUES ('393', '和田地区', '31');
INSERT INTO "SCOTT"."CITY" VALUES ('394', '阿克苏地区', '31');
INSERT INTO "SCOTT"."CITY" VALUES ('395', '喀什地区', '31');
INSERT INTO "SCOTT"."CITY" VALUES ('396', '克孜勒苏柯尔克孜自治州', '31');
INSERT INTO "SCOTT"."CITY" VALUES ('397', '巴音郭楞蒙古自治州', '31');
INSERT INTO "SCOTT"."CITY" VALUES ('398', '昌吉回族自治州', '31');
INSERT INTO "SCOTT"."CITY" VALUES ('399', '博尔塔拉蒙古自治州', '31');
INSERT INTO "SCOTT"."CITY" VALUES ('400', '石河子市', '31');
INSERT INTO "SCOTT"."CITY" VALUES ('401', '阿拉尔市', '31');
INSERT INTO "SCOTT"."CITY" VALUES ('402', '图木舒克市', '31');
INSERT INTO "SCOTT"."CITY" VALUES ('403', '五家渠市', '31');
INSERT INTO "SCOTT"."CITY" VALUES ('404', '伊犁哈萨克自治州', '31');
INSERT INTO "SCOTT"."CITY" VALUES ('405', '台北市', '32');
INSERT INTO "SCOTT"."CITY" VALUES ('406', '高雄市', '32');
INSERT INTO "SCOTT"."CITY" VALUES ('407', '基隆市', '32');
INSERT INTO "SCOTT"."CITY" VALUES ('408', '新竹市', '32');
INSERT INTO "SCOTT"."CITY" VALUES ('409', '台中市', '32');
INSERT INTO "SCOTT"."CITY" VALUES ('410', '嘉义市', '32');
INSERT INTO "SCOTT"."CITY" VALUES ('411', '台南市', '32');
INSERT INTO "SCOTT"."CITY" VALUES ('412', '花地玛堂区', '33');
INSERT INTO "SCOTT"."CITY" VALUES ('413', '圣安多尼堂区', '33');
INSERT INTO "SCOTT"."CITY" VALUES ('414', '大堂区', '33');
INSERT INTO "SCOTT"."CITY" VALUES ('415', '望德堂区', '33');
INSERT INTO "SCOTT"."CITY" VALUES ('416', '风顺堂区', '33');
INSERT INTO "SCOTT"."CITY" VALUES ('417', '嘉模堂区', '33');
INSERT INTO "SCOTT"."CITY" VALUES ('418', '圣方济各堂区', '33');
INSERT INTO "SCOTT"."CITY" VALUES ('419', '路凼区', '33');
INSERT INTO "SCOTT"."CITY" VALUES ('420', '中西区', '34');
INSERT INTO "SCOTT"."CITY" VALUES ('421', '湾仔区', '34');
INSERT INTO "SCOTT"."CITY" VALUES ('422', '东区', '34');
INSERT INTO "SCOTT"."CITY" VALUES ('423', '南区', '34');
INSERT INTO "SCOTT"."CITY" VALUES ('424', '深水埗区', '34');
INSERT INTO "SCOTT"."CITY" VALUES ('425', '油尖旺区', '34');
INSERT INTO "SCOTT"."CITY" VALUES ('426', '九龙城区', '34');
INSERT INTO "SCOTT"."CITY" VALUES ('427', '黄大仙区', '34');
INSERT INTO "SCOTT"."CITY" VALUES ('428', '观塘区', '34');
INSERT INTO "SCOTT"."CITY" VALUES ('429', '北区', '34');
INSERT INTO "SCOTT"."CITY" VALUES ('430', '大埔区', '34');
INSERT INTO "SCOTT"."CITY" VALUES ('431', '沙田区', '34');

-- ----------------------------
-- Table structure for COLLECTION
-- ----------------------------
DROP TABLE "SCOTT"."COLLECTION";
CREATE TABLE "SCOTT"."COLLECTION" (
"COLLECTIONID" NUMBER NOT NULL ,
"PICTUREURL" VARCHAR2(500 BYTE) NOT NULL ,
"PRICE" FLOAT NOT NULL ,
"DISCOUNT" FLOAT NOT NULL ,
"HOMEID" NUMBER NULL ,
"HOMENAME" VARCHAR2(20 BYTE) NULL ,
"USERID" NUMBER NULL 
)
LOGGING
NOCOMPRESS
NOCACHE

;

-- ----------------------------
-- Records of COLLECTION
-- ----------------------------
INSERT INTO "SCOTT"."COLLECTION" VALUES ('31', 'attached/jiaju/201706130904582187.jpg', '1350', '0', '182', '时尚鞋柜', '3');
INSERT INTO "SCOTT"."COLLECTION" VALUES ('1', 'attached/jiaju/201705280439111925.jpg', '2450', '0', '4', '简约大气简约儿童床', '1');
INSERT INTO "SCOTT"."COLLECTION" VALUES ('61', 'attached/jiaju/201706020414337454.jpg', '1966', '0', '8', '英式风格唯美实用茶几', '3');
INSERT INTO "SCOTT"."COLLECTION" VALUES ('62', 'attached/jiaju/201706140832057910.jpg', '5607', '607', '213', '电视柜', '91');
INSERT INTO "SCOTT"."COLLECTION" VALUES ('92', 'attached/jiaju/201706020334345979.jpg', '700', '0', '6', '时尚炫酷卫浴喷头', '1');

-- ----------------------------
-- Table structure for DEPT
-- ----------------------------
DROP TABLE "SCOTT"."DEPT";
CREATE TABLE "SCOTT"."DEPT" (
"DEPTNO" NUMBER(2) NOT NULL ,
"DNAME" VARCHAR2(14 BYTE) NULL ,
"LOC" VARCHAR2(13 BYTE) NULL 
)
LOGGING
NOCOMPRESS
NOCACHE

;

-- ----------------------------
-- Records of DEPT
-- ----------------------------
INSERT INTO "SCOTT"."DEPT" VALUES ('10', 'ACCOUNTING', 'NEW YORK');
INSERT INTO "SCOTT"."DEPT" VALUES ('20', 'RESEARCH', 'DALLAS');
INSERT INTO "SCOTT"."DEPT" VALUES ('30', 'SALES', 'CHICAGO');
INSERT INTO "SCOTT"."DEPT" VALUES ('40', 'OPERATIONS', 'BOSTON');

-- ----------------------------
-- Table structure for DINGDAN
-- ----------------------------
DROP TABLE "SCOTT"."DINGDAN";
CREATE TABLE "SCOTT"."DINGDAN" (
"DINGDANID" NUMBER NOT NULL ,
"DINGDANNUMBER" VARCHAR2(20 BYTE) NOT NULL ,
"NAME" VARCHAR2(20 BYTE) NULL ,
"TIME" DATE NULL ,
"MONEY" NUMBER NULL ,
"USERNAME" VARCHAR2(20 BYTE) NULL ,
"USERMOBILE" VARCHAR2(11 BYTE) NULL ,
"ADDRESS" VARCHAR2(30 BYTE) NULL ,
"YOUHUI" NUMBER NULL ,
"PRICE" NUMBER NULL ,
"EFFECTIVE" NUMBER NULL ,
"USERID" NUMBER NULL ,
"TUPIAN" VARCHAR2(40 BYTE) NULL ,
"HOMEID" NUMBER NULL ,
"SHULIANG" NUMBER NULL ,
"LIUYAN" VARCHAR2(100 BYTE) NULL 
)
LOGGING
NOCOMPRESS
NOCACHE

;

-- ----------------------------
-- Records of DINGDAN
-- ----------------------------
INSERT INTO "SCOTT"."DINGDAN" VALUES ('91', '1706149185487', '时尚鞋柜', TO_DATE('2017-06-14 20:13:58', 'YYYY-MM-DD HH24:MI:SS'), '1350', 'null', 'null', 'null', '0', '1349', '5', '3', 'attached/jiaju/201706130904582187.jpg', '182', '1', '希望使用顺丰快递');
INSERT INTO "SCOTT"."DINGDAN" VALUES ('92', '1706148964784', '时尚鞋柜', TO_DATE('2017-06-14 20:19:09', 'YYYY-MM-DD HH24:MI:SS'), '1350', '曾志湖', '18370676182', '江西省吉安市泰和县', '0', '1349', '5', '1', 'attached/jiaju/201706130904582187.jpg', '182', '1', '快点发货');
INSERT INTO "SCOTT"."DINGDAN" VALUES ('34', '1706118309888', '简约大气黑白沙发', TO_DATE('2017-06-11 19:51:23', 'YYYY-MM-DD HH24:MI:SS'), '1900', '曾志湖', '18370676182', '江西省吉安市泰和县', '0', '1899', '5', '1', 'attached/jiaju/5.jpg', '2', '1', '希望使用顺丰快递');
INSERT INTO "SCOTT"."DINGDAN" VALUES ('61', '1706134681525', '简约大气简约儿童床', TO_DATE('2017-06-13 20:24:01', 'YYYY-MM-DD HH24:MI:SS'), '2450', '曾志湖', '18370676182', '江西省吉安市泰和县', '0', '2449', '5', '1', 'attached/jiaju/201705280439111925.jpg', '4', '1', '希望使用顺丰快递');
INSERT INTO "SCOTT"."DINGDAN" VALUES ('121', '1706148777441', '简约大气黑白沙发', TO_DATE('2017-06-14 22:54:17', 'YYYY-MM-DD HH24:MI:SS'), '1900', '小智', '13177619167', '江西省赣州市章贡区', '0', '1899', '5', '91', 'attached/jiaju/5.jpg', '2', '1', '希望快点发货');
INSERT INTO "SCOTT"."DINGDAN" VALUES ('151', '1706157468007', '简约大气黑白沙发', TO_DATE('2017-06-15 10:20:12', 'YYYY-MM-DD HH24:MI:SS'), '1900', '曾志湖', '18370676182', '江西省吉安市泰和县', '0', '1899', '1', '1', 'attached/jiaju/5.jpg', '2', '1', null);
INSERT INTO "SCOTT"."DINGDAN" VALUES ('152', '1706157567325', '时尚炫酷卫浴喷头', TO_DATE('2017-06-15 10:21:03', 'YYYY-MM-DD HH24:MI:SS'), '700', '曾志湖', '18370676182', '江西省吉安市泰和县', '0', '699', '4', '1', 'attached/jiaju/201706020334345979.jpg', '6', '1', 'sedrfghjlkl');

-- ----------------------------
-- Table structure for EMP
-- ----------------------------
DROP TABLE "SCOTT"."EMP";
CREATE TABLE "SCOTT"."EMP" (
"EMPNO" NUMBER(4) NOT NULL ,
"ENAME" VARCHAR2(10 BYTE) NULL ,
"JOB" VARCHAR2(9 BYTE) NULL ,
"MGR" NUMBER(4) NULL ,
"HIREDATE" DATE NULL ,
"SAL" NUMBER(7,2) NULL ,
"COMM" NUMBER(7,2) NULL ,
"DEPTNO" NUMBER(2) NULL 
)
LOGGING
NOCOMPRESS
NOCACHE

;

-- ----------------------------
-- Records of EMP
-- ----------------------------
INSERT INTO "SCOTT"."EMP" VALUES ('7369', 'SMITH', 'CLERK', '7902', TO_DATE('1980-12-17 00:00:00', 'YYYY-MM-DD HH24:MI:SS'), '800', null, '20');
INSERT INTO "SCOTT"."EMP" VALUES ('7499', 'ALLEN', 'SALESMAN', '7698', TO_DATE('1981-02-20 00:00:00', 'YYYY-MM-DD HH24:MI:SS'), '1600', '300', '30');
INSERT INTO "SCOTT"."EMP" VALUES ('7521', 'WARD', 'SALESMAN', '7698', TO_DATE('1981-02-22 00:00:00', 'YYYY-MM-DD HH24:MI:SS'), '1250', '500', '30');
INSERT INTO "SCOTT"."EMP" VALUES ('7566', 'JONES', 'MANAGER', '7839', TO_DATE('1981-04-02 00:00:00', 'YYYY-MM-DD HH24:MI:SS'), '2975', null, '20');
INSERT INTO "SCOTT"."EMP" VALUES ('7654', 'MARTIN', 'SALESMAN', '7698', TO_DATE('1981-09-28 00:00:00', 'YYYY-MM-DD HH24:MI:SS'), '1250', '1400', '30');
INSERT INTO "SCOTT"."EMP" VALUES ('7698', 'BLAKE', 'MANAGER', '7839', TO_DATE('1981-05-01 00:00:00', 'YYYY-MM-DD HH24:MI:SS'), '2850', null, '30');
INSERT INTO "SCOTT"."EMP" VALUES ('7782', 'CLARK', 'MANAGER', '7839', TO_DATE('1981-06-09 00:00:00', 'YYYY-MM-DD HH24:MI:SS'), '2450', null, '10');
INSERT INTO "SCOTT"."EMP" VALUES ('7788', 'SCOTT', 'ANALYST', '7566', TO_DATE('1987-04-19 00:00:00', 'YYYY-MM-DD HH24:MI:SS'), '3000', null, '20');
INSERT INTO "SCOTT"."EMP" VALUES ('7839', 'KING', 'PRESIDENT', null, TO_DATE('1981-11-17 00:00:00', 'YYYY-MM-DD HH24:MI:SS'), '5000', null, '10');
INSERT INTO "SCOTT"."EMP" VALUES ('7844', 'TURNER', 'SALESMAN', '7698', TO_DATE('1981-09-08 00:00:00', 'YYYY-MM-DD HH24:MI:SS'), '1500', '0', '30');
INSERT INTO "SCOTT"."EMP" VALUES ('7876', 'ADAMS', 'CLERK', '7788', TO_DATE('1987-05-23 00:00:00', 'YYYY-MM-DD HH24:MI:SS'), '1100', null, '20');
INSERT INTO "SCOTT"."EMP" VALUES ('7900', 'JAMES', 'CLERK', '7698', TO_DATE('1981-12-03 00:00:00', 'YYYY-MM-DD HH24:MI:SS'), '950', null, '30');
INSERT INTO "SCOTT"."EMP" VALUES ('7902', 'FORD', 'ANALYST', '7566', TO_DATE('1981-12-03 00:00:00', 'YYYY-MM-DD HH24:MI:SS'), '3000', null, '20');
INSERT INTO "SCOTT"."EMP" VALUES ('7934', 'MILLER', 'CLERK', '7782', TO_DATE('1982-01-23 00:00:00', 'YYYY-MM-DD HH24:MI:SS'), '1300', null, '10');

-- ----------------------------
-- Table structure for EXCHANGECODE
-- ----------------------------
DROP TABLE "SCOTT"."EXCHANGECODE";
CREATE TABLE "SCOTT"."EXCHANGECODE" (
"EXCHANGECODEID" NUMBER NOT NULL ,
"ACTIVITYID" NUMBER NOT NULL ,
"USERID" NUMBER NULL ,
"EXCHANGECODE" VARCHAR2(100 BYTE) NOT NULL ,
"EXCHANGEMEONY" NUMBER NULL ,
"EXCHANGESTATUS" NUMBER NULL ,
"EXCHANGEDATE" DATE DEFAULT sysdate  NULL ,
"VALIDAY" NUMBER NULL 
)
LOGGING
NOCOMPRESS
NOCACHE

;

-- ----------------------------
-- Records of EXCHANGECODE
-- ----------------------------
INSERT INTO "SCOTT"."EXCHANGECODE" VALUES ('5', '1', null, '170526430579', '200', '0', null, '20');
INSERT INTO "SCOTT"."EXCHANGECODE" VALUES ('6', '1', null, '170526616121', '200', '0', null, '20');
INSERT INTO "SCOTT"."EXCHANGECODE" VALUES ('7', '1', null, '170526440075', '200', '0', null, '20');

-- ----------------------------
-- Table structure for EXCHANGERECORD
-- ----------------------------
DROP TABLE "SCOTT"."EXCHANGERECORD";
CREATE TABLE "SCOTT"."EXCHANGERECORD" (
"ACTIVITY_ID" NUMBER NOT NULL ,
"ACTIVITY_NAME" VARCHAR2(500 BYTE) NOT NULL ,
"ACTIVITY_DESC" VARCHAR2(2000 BYTE) NOT NULL ,
"ACTIVITY_DATE" DATE NOT NULL ,
"MANAGER_ID" NUMBER NULL 
)
LOGGING
NOCOMPRESS
NOCACHE

;

-- ----------------------------
-- Records of EXCHANGERECORD
-- ----------------------------
INSERT INTO "SCOTT"."EXCHANGERECORD" VALUES ('1', '乐家具上线了，全场8折起', '     大家快来抢购吧！
          ', TO_DATE('2017-05-25 19:55:00', 'YYYY-MM-DD HH24:MI:SS'), '1');

-- ----------------------------
-- Table structure for FORUM
-- ----------------------------
DROP TABLE "SCOTT"."FORUM";
CREATE TABLE "SCOTT"."FORUM" (
"FORUMID" NUMBER NOT NULL ,
"USERID" NUMBER NULL ,
"REPLAYUSERID" NUMBER NOT NULL ,
"FORUMTYPE" NUMBER NOT NULL ,
"CONTENT" NUMBER NOT NULL ,
"FORUMDATE" DATE NULL 
)
LOGGING
NOCOMPRESS
NOCACHE

;

-- ----------------------------
-- Records of FORUM
-- ----------------------------

-- ----------------------------
-- Table structure for HOME
-- ----------------------------
DROP TABLE "SCOTT"."HOME";
CREATE TABLE "SCOTT"."HOME" (
"HOME_ID" NUMBER NOT NULL ,
"HOME_NAME" VARCHAR2(500 BYTE) NOT NULL ,
"PICTURE_URL" VARCHAR2(500 BYTE) NOT NULL ,
"ONE_WORD" VARCHAR2(500 BYTE) NOT NULL ,
"HOME_COUNT" NUMBER NOT NULL ,
"PRICE" FLOAT NOT NULL ,
"DISCOUNT" FLOAT NOT NULL ,
"EFFECTIVE" NUMBER NOT NULL ,
"REPLAY_DATE" DATE NOT NULL ,
"REPLAY_USERNAME" VARCHAR2(50 BYTE) NOT NULL ,
"CHARGE_TYPE" NUMBER NULL ,
"BIG_SMALL" VARCHAR2(40 BYTE) NULL ,
"BUYED" NUMBER NULL ,
"HOMETYPE" NUMBER NULL ,
"PICTURE_URL2" VARCHAR2(100 BYTE) NULL ,
"PICTURE_URL3" VARCHAR2(100 BYTE) NULL ,
"PICTURE_URL4" VARCHAR2(100 BYTE) NULL ,
"TEJIA" NUMBER NULL ,
"FENGGE" VARCHAR2(100 BYTE) NULL ,
"CHANDI" VARCHAR2(100 BYTE) NULL 
)
LOGGING
NOCOMPRESS
NOCACHE

;

-- ----------------------------
-- Records of HOME
-- ----------------------------
INSERT INTO "SCOTT"."HOME" VALUES ('182', '时尚鞋柜', 'attached/jiaju/201706130904582187.jpg', '大家快来买呀！', '21', '1350', '0', '1', TO_DATE('2017-06-13 21:04:58', 'YYYY-MM-DD HH24:MI:SS'), '曾志湖', '2', '1500*900', '2', '22', 'attached/jiaju/201706130904588302.jpg', 'attached/jiaju/201706130904585997.jpg', 'attached/jiaju/201706130904585424.jpg', '0', '美式风格', '北京');
INSERT INTO "SCOTT"."HOME" VALUES ('211', '坐便器', 'attached/jiaju/201706140826142374.jpg', '大家快来吧！', '21', '971', '0', '1', TO_DATE('2017-06-14 20:26:14', 'YYYY-MM-DD HH24:MI:SS'), '曾志湖', '1', '800*500', '0', '16', 'attached/jiaju/201706140826143566.jpg', 'attached/jiaju/201706140826143088.jpg', 'attached/jiaju/201706140826141141.jpg', '0', '欧式典雅', '厦门');
INSERT INTO "SCOTT"."HOME" VALUES ('212', '儿童桌', 'attached/jiaju/201706140829044251.jpg', '大家快来吧！', '26', '1050', '0', '1', TO_DATE('2017-06-14 20:29:04', 'YYYY-MM-DD HH24:MI:SS'), '曾志湖', '0', '2000*500', '0', '11', 'attached/jiaju/201706140829045928.jpg', 'attached/jiaju/201706140829044577.jpg', 'attached/jiaju/201706140829045629.jpg', '0', '现代风格', '深圳');
INSERT INTO "SCOTT"."HOME" VALUES ('213', '电视柜', 'attached/jiaju/201706140832057910.jpg', '大家快来吧！', '56', '5607', '607', '1', TO_DATE('2017-06-14 20:32:05', 'YYYY-MM-DD HH24:MI:SS'), '曾志湖', '0', '899*1000', '0', '5', 'attached/jiaju/201706140832057280.jpg', 'attached/jiaju/201706140832051021.jpg', 'attached/jiaju/201706140832046298.jpg', '0', '美式风格', '深圳');
INSERT INTO "SCOTT"."HOME" VALUES ('6', '时尚炫酷卫浴喷头', 'attached/jiaju/201706020334345979.jpg', '简约大气炫酷时尚', '6', '700', '0', '1', TO_DATE('2017-06-02 15:34:35', 'YYYY-MM-DD HH24:MI:SS'), '曾志湖', '1', '1000*1550', '1', '17', 'attached/jiaju/201706020334347268.jpg', 'attached/jiaju/201706020334349504.jpg', 'attached/jiaju/201706020334348022.jpg', '0', '炫酷时尚', '厦门');
INSERT INTO "SCOTT"."HOME" VALUES ('7', ' 美式古典 庄重典雅酒柜', 'attached/jiaju/201706020408584253.jpg', ' 美式古典 庄重典雅', '9', '4500', '0', '1', TO_DATE('2017-06-02 16:08:58', 'YYYY-MM-DD HH24:MI:SS'), '曾志湖', '2', '1900*2350', '0', '21', 'attached/jiaju/201706020408585441.jpg', 'attached/jiaju/201706020408582346.jpg', 'attached/jiaju/201706020408588502.jpg', '0', ' 美式古典 ', '北京');
INSERT INTO "SCOTT"."HOME" VALUES ('8', '英式风格唯美实用茶几', 'attached/jiaju/201706020414337454.jpg', '唯美实用', '13', '1966', '0', '0', TO_DATE('2017-06-02 16:14:33', 'YYYY-MM-DD HH24:MI:SS'), '曾志湖', '2', '1900*2400', '0', '23', 'attached/jiaju/201706020414332793.jpg', 'attached/jiaju/201706020414334079.jpg', 'attached/jiaju/201706020414333532.jpg', '0', '英式风格', '深圳');
INSERT INTO "SCOTT"."HOME" VALUES ('9', '唯美时尚电视柜', 'attached/jiaju/201706020419082095.jpg', '质感清晰', '21', '4580', '0', '1', TO_DATE('2017-06-02 16:19:08', 'YYYY-MM-DD HH24:MI:SS'), '曾志湖', '0', '1768*555*450', '0', '5', 'attached/jiaju/201706020419086840.jpg', 'attached/jiaju/201706020419086882.jpg', 'attached/jiaju/201706020419085154.jpg', '0', '简美风格', '深圳');
INSERT INTO "SCOTT"."HOME" VALUES ('10', '地中海风格三门鞋柜', 'attached/jiaju/201706020438382603.jpg', '地中海风格', '11', '1862', '0', '1', TO_DATE('2017-06-02 16:38:38', 'YYYY-MM-DD HH24:MI:SS'), '曾志湖', '2', '1058*350*996mm', '0', '12', 'attached/jiaju/201706020438383845.jpg', 'attached/jiaju/201706020438381115.jpg', 'attached/jiaju/201706020438386210.jpg', '0', '炫酷时尚', '珠海');
INSERT INTO "SCOTT"."HOME" VALUES ('181', '卫浴喷头', 'attached/jiaju/201706130830403171.jpg', '大家快来抢购吧！', '43', '500', '10', '1', TO_DATE('2017-06-13 20:30:40', 'YYYY-MM-DD HH24:MI:SS'), '曾志湖', '1', '120*50', '0', '14', 'attached/jiaju/201706130830406673.jpg', 'attached/jiaju/201706130830401462.jpg', 'attached/jiaju/201706130830407145.jpg', '0', '美式风格', '深圳');
INSERT INTO "SCOTT"."HOME" VALUES ('2', '简约大气黑白沙发', 'attached/jiaju/5.jpg', '新品上市', '3', '1900', '0', '1', TO_DATE('2017-05-18 20:11:33', 'YYYY-MM-DD HH24:MI:SS'), '曾志湖', '0', '1680*1930mm', '2', '4', 'attached/jiaju/6.jpg', 'attached/jiaju/7.jpg', 'attached/jiaju/8.jpg', '1', '简约大气', '天津');
INSERT INTO "SCOTT"."HOME" VALUES ('3', '简约大气黑白餐具', 'attached/jiaju/9.jpg', '大家快来买吧！', '2', '1500', '0', '1', TO_DATE('2017-05-21 19:13:49', 'YYYY-MM-DD HH24:MI:SS'), '曾志湖', '2', '1680*1930mm', '0', '6', 'attached/jiaju/10.jpg', 'attached/jiaju/11.jpg', 'attached/jiaju/12.jpg', '0', '简约大气', '深圳');
INSERT INTO "SCOTT"."HOME" VALUES ('4', '简约大气简约儿童床', 'attached/jiaju/201705280439111925.jpg', '大家快来抢购吧！', '3', '2450', '0', '1', TO_DATE('2017-05-28 16:48:51', 'YYYY-MM-DD HH24:MI:SS'), '曾志湖', '0', '1900*2350', '1', '17', 'attached/jiaju/201705280439117557.jpg', 'attached/jiaju/201705280439114845.jpg', 'attached/jiaju/201705280439115456.jpg', '0', '简约大气', '珠海');
INSERT INTO "SCOTT"."HOME" VALUES ('5', '简约大气灰色衣柜', 'attached/jiaju/201705280506142847.jpg', '大家快来抢购吧！', '3', '1500', '0', '1', TO_DATE('2017-05-28 17:06:14', 'YYYY-MM-DD HH24:MI:SS'), '曾志湖', '0', '1900*2350', '0', '3', 'attached/jiaju/201705280506149928.jpg', 'attached/jiaju/201705280506141685.jpg', 'attached/jiaju/201705280506146200.jpg', '0', '简约大气', '深圳');
INSERT INTO "SCOTT"."HOME" VALUES ('11', '凯撒豪庭客厅套装', 'attached/jiaju/201706040806289988.jpg', '大家快来抢购吧！', '6', '18000', '0', '1', TO_DATE('2017-06-04 20:06:28', 'YYYY-MM-DD HH24:MI:SS'), '曾志湖', '2', '1900*2350', '0', '24', 'attached/jiaju/201706040806288122.jpg', 'attached/jiaju/201706040806288597.jpg', 'attached/jiaju/201706040806282625.jpg', '0', ' 美式古典 ', '北京');
INSERT INTO "SCOTT"."HOME" VALUES ('12', '法式风格衣柜', 'attached/jiaju/201706040811517567.jpg', '大家快来抢购吧！', '4', '2400', '0', '1', TO_DATE('2017-06-04 20:11:51', 'YYYY-MM-DD HH24:MI:SS'), '曾志湖', '0', '1900*2350', '0', '3', 'attached/jiaju/201706040811514613.jpg', 'attached/jiaju/201706040811514271.jpg', 'attached/jiaju/201706040811511159.jpg', '0', '法式风格', '天津');
INSERT INTO "SCOTT"."HOME" VALUES ('1', '简约大气黑白床铺', 'attached/jiaju/201705280944435208.jpg', '新品特惠每周更新', '10', '2150', '0', '1', TO_DATE('2017-05-18 16:46:17', 'YYYY-MM-DD HH24:MI:SS'), '曾志湖', '0', '1680*1930mm', '0', '0', 'attached/jiaju/201705280944436644.jpg', 'attached/jiaju/201705280944435136.jpg', 'attached/jiaju/201705280944436231.jpg', '0', '简约大气', '北京');

-- ----------------------------
-- Table structure for HOMEPART
-- ----------------------------
DROP TABLE "SCOTT"."HOMEPART";
CREATE TABLE "SCOTT"."HOMEPART" (
"HOMEPARTID" NUMBER NOT NULL ,
"HOMEID" NUMBER NOT NULL ,
"HOMEPARTNAME" VARCHAR2(100 BYTE) NULL ,
"TIMELENGTH" NUMBER NULL ,
"HOMEPARTURL" VARCHAR2(500 BYTE) NULL ,
"HOMEPARTCONTENT" LONG NULL ,
"HOMEPARTREMARK" VARCHAR2(1000 BYTE) NULL ,
"ISFREE" NUMBER NULL ,
"PAIXU" NUMBER NOT NULL ,
"STATUS" NUMBER NOT NULL ,
"REASON" VARCHAR2(50 BYTE) NULL 
)
LOGGING
NOCOMPRESS
NOCACHE

;

-- ----------------------------
-- Records of HOMEPART
-- ----------------------------

-- ----------------------------
-- Table structure for KAIHU
-- ----------------------------
DROP TABLE "SCOTT"."KAIHU";
CREATE TABLE "SCOTT"."KAIHU" (
"KAIHUID" NUMBER NOT NULL ,
"USERID" NUMBER NULL ,
"KAIHUNAME" VARCHAR2(20 BYTE) NULL ,
"BANKNO" VARCHAR2(20 BYTE) NULL ,
"BANKID" NUMBER NULL ,
"KAIHUHANG" VARCHAR2(60 BYTE) NULL 
)
LOGGING
NOCOMPRESS
NOCACHE

;

-- ----------------------------
-- Records of KAIHU
-- ----------------------------
INSERT INTO "SCOTT"."KAIHU" VALUES ('2', '1', '曾志湖', '1234567890123456789', '2', '中国建设银行赣州分行');

-- ----------------------------
-- Table structure for MANAGER
-- ----------------------------
DROP TABLE "SCOTT"."MANAGER";
CREATE TABLE "SCOTT"."MANAGER" (
"MANAGER_ID" NUMBER NOT NULL ,
"MANAGER_ACCOUNT" VARCHAR2(100 BYTE) NOT NULL ,
"MANAGER_PASSWORD" VARCHAR2(50 BYTE) NOT NULL ,
"MANAGER_NAME" VARCHAR2(50 BYTE) NOT NULL ,
"MANAGER_FAVE" VARCHAR2(50 BYTE) NULL ,
"MANAGER_SEX" NUMBER NOT NULL ,
"MANAGER_CONTACT" VARCHAR2(50 BYTE) NOT NULL 
)
LOGGING
NOCOMPRESS
NOCACHE

;

-- ----------------------------
-- Records of MANAGER
-- ----------------------------
INSERT INTO "SCOTT"."MANAGER" VALUES ('1', '胡歌', 'zzh1234', '胡歌', 'attached/head/201705100909305776.jpg', '0', '18720865791');
INSERT INTO "SCOTT"."MANAGER" VALUES ('3', '猴儿', 'zzh123', '猴儿', 'attached/head/201705210826137007.jpg', '0', '17370134037');
INSERT INTO "SCOTT"."MANAGER" VALUES ('2', '曾志湖', '1234', '曾志湖', 'attached/head/201705100858567095.jpg', '0', '18370676182');

-- ----------------------------
-- Table structure for MONEYRECORD
-- ----------------------------
DROP TABLE "SCOTT"."MONEYRECORD";
CREATE TABLE "SCOTT"."MONEYRECORD" (
"RECORDID" NUMBER NOT NULL ,
"USERID" NUMBER NOT NULL ,
"PAY_DATE" DATE NOT NULL ,
"PAY_MONEY" FLOAT NULL ,
"LEIXING" NUMBER NULL ,
"SETMONEY" FLOAT NULL 
)
LOGGING
NOCOMPRESS
NOCACHE

;

-- ----------------------------
-- Records of MONEYRECORD
-- ----------------------------
INSERT INTO "SCOTT"."MONEYRECORD" VALUES ('61', '2', TO_DATE('2017-06-14 20:10:30', 'YYYY-MM-DD HH24:MI:SS'), '5000', '0', '0');
INSERT INTO "SCOTT"."MONEYRECORD" VALUES ('62', '3', TO_DATE('2017-06-14 20:15:07', 'YYYY-MM-DD HH24:MI:SS'), '5000', '0', '0');
INSERT INTO "SCOTT"."MONEYRECORD" VALUES ('63', '3', TO_DATE('2017-06-14 20:15:49', 'YYYY-MM-DD HH24:MI:SS'), '0', '1', '1349');
INSERT INTO "SCOTT"."MONEYRECORD" VALUES ('64', '1', TO_DATE('2017-06-14 20:19:26', 'YYYY-MM-DD HH24:MI:SS'), '0', '1', '1349');
INSERT INTO "SCOTT"."MONEYRECORD" VALUES ('1', '1', TO_DATE('2017-06-11 15:00:55', 'YYYY-MM-DD HH24:MI:SS'), '100000', '0', '0');
INSERT INTO "SCOTT"."MONEYRECORD" VALUES ('3', '1', TO_DATE('2017-06-11 20:29:28', 'YYYY-MM-DD HH24:MI:SS'), '0', '1', '1899');
INSERT INTO "SCOTT"."MONEYRECORD" VALUES ('31', '1', TO_DATE('2017-06-13 20:24:20', 'YYYY-MM-DD HH24:MI:SS'), '0', '1', '2449');
INSERT INTO "SCOTT"."MONEYRECORD" VALUES ('32', '1', TO_DATE('2017-06-13 20:25:56', 'YYYY-MM-DD HH24:MI:SS'), '50', '0', '0');
INSERT INTO "SCOTT"."MONEYRECORD" VALUES ('91', '91', TO_DATE('2017-06-14 22:53:43', 'YYYY-MM-DD HH24:MI:SS'), '10000', '0', '0');
INSERT INTO "SCOTT"."MONEYRECORD" VALUES ('92', '91', TO_DATE('2017-06-14 22:54:31', 'YYYY-MM-DD HH24:MI:SS'), '0', '1', '1899');

-- ----------------------------
-- Table structure for NEWMSG
-- ----------------------------
DROP TABLE "SCOTT"."NEWMSG";
CREATE TABLE "SCOTT"."NEWMSG" (
"NEW_MSG_ID" NUMBER NOT NULL ,
"MSG_NAME" VARCHAR2(500 BYTE) NOT NULL ,
"ONE_WORD" VARCHAR2(500 BYTE) NULL ,
"MSG_CONTENT" LONG NOT NULL ,
"MSG_CONTENT_URL" VARCHAR2(500 BYTE) NOT NULL ,
"PUBLISH_DATE" DATE NOT NULL ,
"PUBLISH_USERNAME" VARCHAR2(50 BYTE) NOT NULL ,
"EFFECTIVE" NUMBER NOT NULL ,
"SEQ" NUMBER NOT NULL ,
"NEWSTYPE" NUMBER NOT NULL ,
"IMAGE_URL" VARCHAR2(500 BYTE) NOT NULL 
)
LOGGING
NOCOMPRESS
NOCACHE

;

-- ----------------------------
-- Records of NEWMSG
-- ----------------------------
INSERT INTO "SCOTT"."NEWMSG" VALUES ('2', '乐家具上线了!', '大家快来抢购吧！', '<h1 style="text-align:center;">
	<span style="line-height:1.5;"><span style="color:#E53333;">乐家具上线了</span><span style="color:#E53333;"></span></span> 
</h1>', 'attached/news/20170525114333.html', TO_DATE('2017-05-25 11:43:33', 'YYYY-MM-DD HH24:MI:SS'), '胡歌', '1', '1', '0', 'attached/news/201705251143339835.jpg');
INSERT INTO "SCOTT"."NEWMSG" VALUES ('3', '全场1折起，快来抢购吧！', '快来呀！', '<p style="text-align:center;">
	<img src="/FitmentStore/attached/image/20170525/20170525143344_813.jpg" alt="" /><span style="line-height:1.5;"></span>
</p>
<h1 style="text-align:center;">
	<span style="line-height:1.5;color:#E53333;">大家快来呀！</span>
</h1>', 'attached/news/20170525143405.html', TO_DATE('2017-05-25 14:34:05', 'YYYY-MM-DD HH24:MI:SS'), '胡歌', '1', '2', '0', 'attached/news/201705250234057316.jpg');

-- ----------------------------
-- Table structure for PAYRECORD
-- ----------------------------
DROP TABLE "SCOTT"."PAYRECORD";
CREATE TABLE "SCOTT"."PAYRECORD" (
"PAYRECORDID" NUMBER NOT NULL ,
"USERID" NUMBER NOT NULL ,
"HOMEID" NUMBER DEFAULT 0  NULL ,
"PAYDATE" DATE DEFAULT sysdate  NULL ,
"PAYMONEY" FLOAT NULL ,
"PAYER" VARCHAR2(50 BYTE) NULL ,
"HOMENAME" VARCHAR2(100 BYTE) NULL ,
"TUPIAN" VARCHAR2(80 BYTE) NULL ,
"ORDERNUMBER" VARCHAR2(100 BYTE) NULL ,
"DIZHI" VARCHAR2(100 BYTE) NULL ,
"SHULIANG" NUMBER NULL 
)
LOGGING
NOCOMPRESS
NOCACHE

;

-- ----------------------------
-- Records of PAYRECORD
-- ----------------------------
INSERT INTO "SCOTT"."PAYRECORD" VALUES ('61', '3', '182', TO_DATE('2017-06-14 20:15:49', 'YYYY-MM-DD HH24:MI:SS'), '1349', '一叶知秋', '1706149185487', '时尚鞋柜', 'attached/jiaju/201706130904582187.jpg', 'null', '1');
INSERT INTO "SCOTT"."PAYRECORD" VALUES ('62', '1', '182', TO_DATE('2017-06-14 20:19:26', 'YYYY-MM-DD HH24:MI:SS'), '1349', '杏花雨', '1706148964784', '时尚鞋柜', 'attached/jiaju/201706130904582187.jpg', '江西省吉安市泰和县', '1');
INSERT INTO "SCOTT"."PAYRECORD" VALUES ('1', '1', '2', TO_DATE('2017-06-11 20:29:28', 'YYYY-MM-DD HH24:MI:SS'), '1899', '杏花雨', '1706118309888', '简约大气黑白沙发', 'attached/jiaju/5.jpg', '江西省吉安市泰和县', '1');
INSERT INTO "SCOTT"."PAYRECORD" VALUES ('31', '1', '4', TO_DATE('2017-06-13 20:24:20', 'YYYY-MM-DD HH24:MI:SS'), '2449', '杏花雨', '1706134681525', '简约大气简约儿童床', 'attached/jiaju/201705280439111925.jpg', '江西省吉安市泰和县', '1');
INSERT INTO "SCOTT"."PAYRECORD" VALUES ('91', '91', '2', TO_DATE('2017-06-14 22:54:31', 'YYYY-MM-DD HH24:MI:SS'), '1899', '小智', '1706148777441', '简约大气黑白沙发', 'attached/jiaju/5.jpg', '江西省赣州市章贡区', '1');
INSERT INTO "SCOTT"."PAYRECORD" VALUES ('121', '1', '6', TO_DATE('2017-06-15 10:21:25', 'YYYY-MM-DD HH24:MI:SS'), '699', '杏花雨', '1706157567325', '时尚炫酷卫浴喷头', 'attached/jiaju/201706020334345979.jpg', '江西省吉安市泰和县', '1');

-- ----------------------------
-- Table structure for PROVINCE
-- ----------------------------
DROP TABLE "SCOTT"."PROVINCE";
CREATE TABLE "SCOTT"."PROVINCE" (
"PROVINCEID" NUMBER NOT NULL ,
"PROVINCENAME" VARCHAR2(100 BYTE) NOT NULL 
)
LOGGING
NOCOMPRESS
NOCACHE

;

-- ----------------------------
-- Records of PROVINCE
-- ----------------------------
INSERT INTO "SCOTT"."PROVINCE" VALUES ('1', '北京');
INSERT INTO "SCOTT"."PROVINCE" VALUES ('2', '天津');
INSERT INTO "SCOTT"."PROVINCE" VALUES ('3', '河北');
INSERT INTO "SCOTT"."PROVINCE" VALUES ('4', '山西省');
INSERT INTO "SCOTT"."PROVINCE" VALUES ('5', '内蒙古自治区');
INSERT INTO "SCOTT"."PROVINCE" VALUES ('6', '辽宁省');
INSERT INTO "SCOTT"."PROVINCE" VALUES ('7', '吉林省');
INSERT INTO "SCOTT"."PROVINCE" VALUES ('8', '黑龙江省');
INSERT INTO "SCOTT"."PROVINCE" VALUES ('9', '上海');
INSERT INTO "SCOTT"."PROVINCE" VALUES ('10', '江苏省');
INSERT INTO "SCOTT"."PROVINCE" VALUES ('11', '浙江省');
INSERT INTO "SCOTT"."PROVINCE" VALUES ('12', '安徽省');
INSERT INTO "SCOTT"."PROVINCE" VALUES ('13', '福建省');
INSERT INTO "SCOTT"."PROVINCE" VALUES ('14', '江西省');
INSERT INTO "SCOTT"."PROVINCE" VALUES ('15', '山东省');
INSERT INTO "SCOTT"."PROVINCE" VALUES ('16', '河南省');
INSERT INTO "SCOTT"."PROVINCE" VALUES ('17', '湖北省');
INSERT INTO "SCOTT"."PROVINCE" VALUES ('18', '湖南省');
INSERT INTO "SCOTT"."PROVINCE" VALUES ('19', '广东省');
INSERT INTO "SCOTT"."PROVINCE" VALUES ('20', '广西省');
INSERT INTO "SCOTT"."PROVINCE" VALUES ('21', '海南省');
INSERT INTO "SCOTT"."PROVINCE" VALUES ('22', '重庆');
INSERT INTO "SCOTT"."PROVINCE" VALUES ('23', '四川省');
INSERT INTO "SCOTT"."PROVINCE" VALUES ('24', '贵州省');
INSERT INTO "SCOTT"."PROVINCE" VALUES ('25', '云南省');
INSERT INTO "SCOTT"."PROVINCE" VALUES ('26', '西藏自治区');
INSERT INTO "SCOTT"."PROVINCE" VALUES ('27', '陕西省');
INSERT INTO "SCOTT"."PROVINCE" VALUES ('28', '甘肃省');
INSERT INTO "SCOTT"."PROVINCE" VALUES ('29', '青海省');
INSERT INTO "SCOTT"."PROVINCE" VALUES ('30', '宁夏维吾尔自治区');
INSERT INTO "SCOTT"."PROVINCE" VALUES ('31', '新疆自治区');
INSERT INTO "SCOTT"."PROVINCE" VALUES ('32', '台湾省');
INSERT INTO "SCOTT"."PROVINCE" VALUES ('33', '香港特别行政区');
INSERT INTO "SCOTT"."PROVINCE" VALUES ('34', '澳门港特别行政区');

-- ----------------------------
-- Table structure for SALGRADE
-- ----------------------------
DROP TABLE "SCOTT"."SALGRADE";
CREATE TABLE "SCOTT"."SALGRADE" (
"GRADE" NUMBER NULL ,
"LOSAL" NUMBER NULL ,
"HISAL" NUMBER NULL 
)
LOGGING
NOCOMPRESS
NOCACHE

;

-- ----------------------------
-- Records of SALGRADE
-- ----------------------------
INSERT INTO "SCOTT"."SALGRADE" VALUES ('1', '700', '1200');
INSERT INTO "SCOTT"."SALGRADE" VALUES ('2', '1201', '1400');
INSERT INTO "SCOTT"."SALGRADE" VALUES ('3', '1401', '2000');
INSERT INTO "SCOTT"."SALGRADE" VALUES ('4', '2001', '3000');
INSERT INTO "SCOTT"."SALGRADE" VALUES ('5', '3001', '9999');

-- ----------------------------
-- Table structure for SHOPPINGCAR
-- ----------------------------
DROP TABLE "SCOTT"."SHOPPINGCAR";
CREATE TABLE "SCOTT"."SHOPPINGCAR" (
"CARID" NUMBER NOT NULL ,
"HOMEID" NUMBER NOT NULL ,
"USERNAME" VARCHAR2(500 BYTE) NOT NULL ,
"PICTUREURL" VARCHAR2(500 BYTE) NOT NULL ,
"ONEWORD" VARCHAR2(500 BYTE) NOT NULL ,
"HOMECOUNT" NUMBER NOT NULL ,
"PRICE" FLOAT NOT NULL ,
"DISCOUNT" FLOAT NOT NULL ,
"REPLAYDATE" DATE NOT NULL ,
"REPLAYUSERNAME" VARCHAR2(50 BYTE) NOT NULL ,
"EFFECTIVE" NUMBER NULL 
)
LOGGING
NOCOMPRESS
NOCACHE

;

-- ----------------------------
-- Records of SHOPPINGCAR
-- ----------------------------
INSERT INTO "SCOTT"."SHOPPINGCAR" VALUES ('91', '182', '时尚鞋柜', 'attached/jiaju/201706130904582187.jpg', '大家快来买呀！', '21', '1350', '0', TO_DATE('2017-06-14 20:13:20', 'YYYY-MM-DD HH24:MI:SS'), '曾志湖', '1');
INSERT INTO "SCOTT"."SHOPPINGCAR" VALUES ('121', '2', '简约大气黑白沙发', 'attached/jiaju/5.jpg', '新品上市', '3', '1900', '0', TO_DATE('2017-06-14 22:52:58', 'YYYY-MM-DD HH24:MI:SS'), '曾志湖', '1');

-- ----------------------------
-- Table structure for USERHOMEEVAL
-- ----------------------------
DROP TABLE "SCOTT"."USERHOMEEVAL";
CREATE TABLE "SCOTT"."USERHOMEEVAL" (
"USERHOMEEVALID" NUMBER NOT NULL ,
"USERID" NUMBER NOT NULL ,
"HOMEID" NUMBER NOT NULL ,
"EVALLEVEL" NUMBER NOT NULL ,
"EVALCONTENT" VARCHAR2(2000 BYTE) NULL ,
"EVALDATE" DATE NOT NULL ,
"USERNAME" VARCHAR2(20 BYTE) NULL ,
"USERPICTUREURL" VARCHAR2(40 BYTE) NULL ,
"PICTUREURL1" VARCHAR2(80 BYTE) NULL ,
"PICTUREURL2" VARCHAR2(80 BYTE) NULL 
)
LOGGING
NOCOMPRESS
NOCACHE

;

-- ----------------------------
-- Records of USERHOMEEVAL
-- ----------------------------
INSERT INTO "SCOTT"."USERHOMEEVAL" VALUES ('61', '3', '182', '1', '非常好', TO_DATE('2017-06-14 20:16:55', 'YYYY-MM-DD HH24:MI:SS'), '一叶知秋', 'images/301067.jpg', 'attached/car/201706140816559087.jpg', 'attached/car/201706140816554176.jpg');
INSERT INTO "SCOTT"."USERHOMEEVAL" VALUES ('62', '1', '182', '1', '还好', TO_DATE('2017-06-14 20:20:10', 'YYYY-MM-DD HH24:MI:SS'), '杏花雨', 'images/301067.jpg', 'attached/car/201706140820109132.jpg', 'attached/car/201706140820076603.jpg');
INSERT INTO "SCOTT"."USERHOMEEVAL" VALUES ('3', '1', '2', '1', '非常好', TO_DATE('2017-06-11 19:18:29', 'YYYY-MM-DD HH24:MI:SS'), '杏花雨', 'images/301067.jpg', 'attached/car/201706110830164577.jpg', 'attached/car/201706110830166536.jpg');
INSERT INTO "SCOTT"."USERHOMEEVAL" VALUES ('31', '1', '4', '1', '非常好', TO_DATE('2017-06-13 20:25:04', 'YYYY-MM-DD HH24:MI:SS'), '杏花雨', 'images/301067.jpg', 'attached/car/201706130825044642.jpg', 'attached/car/201706130825046968.jpg');
INSERT INTO "SCOTT"."USERHOMEEVAL" VALUES ('6', '1', '2', '1', '我非常满意', TO_DATE('2017-06-11 20:30:16', 'YYYY-MM-DD HH24:MI:SS'), '杏花雨', 'images/301067.jpg', 'attached/car/18.jpg', 'attached/car/19.jpg');
INSERT INTO "SCOTT"."USERHOMEEVAL" VALUES ('91', '91', '2', '1', '还好', TO_DATE('2017-06-14 22:55:27', 'YYYY-MM-DD HH24:MI:SS'), '小智', 'images/301067.jpg', 'attached/car/201706141055252394.jpg', 'attached/car/201706141055255014.jpg');

-- ----------------------------
-- Table structure for USERS
-- ----------------------------
DROP TABLE "SCOTT"."USERS";
CREATE TABLE "SCOTT"."USERS" (
"USERID" NUMBER NOT NULL ,
"USERMOBILE" VARCHAR2(100 BYTE) NOT NULL ,
"USERPASSWORD" VARCHAR2(200 BYTE) NOT NULL ,
"USERNAME" VARCHAR2(50 BYTE) NOT NULL ,
"USERFACE" VARCHAR2(50 BYTE) NULL ,
"USERSEX" NUMBER NULL ,
"USERHOMEADDRESS" VARCHAR2(500 BYTE) NULL ,
"USEREMAIL" VARCHAR2(50 BYTE) NULL ,
"USERREGISTERDATE" DATE NULL ,
"PROVINCEID" NUMBER NULL ,
"CITYID" NUMBER NULL ,
"LEIBIE" NUMBER NULL ,
"REMAINMONEY" NUMBER NULL ,
"LEDOU" NUMBER NULL ,
"PAYPASSWORD" NUMBER NULL 
)
LOGGING
NOCOMPRESS
NOCACHE

;

-- ----------------------------
-- Records of USERS
-- ----------------------------
INSERT INTO "SCOTT"."USERS" VALUES ('1', '18720865791', 'zzh1234', '杏花雨', 'images/301067.jpg', '0', '江西省吉安市', '1729340612@qq.com', TO_DATE('2017-05-10 10:55:03', 'YYYY-MM-DD HH24:MI:SS'), '14', '170', '0', '93650', '0', '123456');
INSERT INTO "SCOTT"."USERS" VALUES ('2', '18370676182', 'zzh1234', '曲未终人却散', 'images/301067.jpg', '0', '江西省赣州市', '275300091@qq.com', TO_DATE('2017-05-10 10:55:28', 'YYYY-MM-DD HH24:MI:SS'), '14', '170', '0', '5000', '5', '123456');
INSERT INTO "SCOTT"."USERS" VALUES ('3', '17370134037', 'zzh1234', '一叶知秋', 'images/301067.jpg', '0', '江西省吉安市泰和县', '1729340612@qq.com', TO_DATE('2017-05-10 10:55:28', 'YYYY-MM-DD HH24:MI:SS'), '14', '171', '0', '3650', '4', '123456');
INSERT INTO "SCOTT"."USERS" VALUES ('91', '13177619167', 'zzh123456', '小智', 'images/301067.jpg', '0', '江西省赣州市', '1729340612@qq.com', TO_DATE('2017-06-14 22:42:04', 'YYYY-MM-DD HH24:MI:SS'), '14', '170', '0', '8100', '4', '123456');

-- ----------------------------
-- Sequence structure for ACTIVITY_ID
-- ----------------------------
DROP SEQUENCE "SCOTT"."ACTIVITY_ID";
CREATE SEQUENCE "SCOTT"."ACTIVITY_ID"
 INCREMENT BY 1
 MINVALUE 1
 MAXVALUE 1000
 START WITH 31
 CACHE 30;

-- ----------------------------
-- Sequence structure for ADDRESSID
-- ----------------------------
DROP SEQUENCE "SCOTT"."ADDRESSID";
CREATE SEQUENCE "SCOTT"."ADDRESSID"
 INCREMENT BY 1
 MINVALUE 1
 MAXVALUE 1000
 START WITH 61
 CACHE 30;

-- ----------------------------
-- Sequence structure for BANKID
-- ----------------------------
DROP SEQUENCE "SCOTT"."BANKID";
CREATE SEQUENCE "SCOTT"."BANKID"
 INCREMENT BY 1
 MINVALUE 1
 MAXVALUE 10000
 START WITH 1
 CACHE 30;

-- ----------------------------
-- Sequence structure for CARID
-- ----------------------------
DROP SEQUENCE "SCOTT"."CARID";
CREATE SEQUENCE "SCOTT"."CARID"
 INCREMENT BY 1
 MINVALUE 1
 MAXVALUE 1000
 START WITH 151
 CACHE 30;

-- ----------------------------
-- Sequence structure for COLLECTIONID
-- ----------------------------
DROP SEQUENCE "SCOTT"."COLLECTIONID";
CREATE SEQUENCE "SCOTT"."COLLECTIONID"
 INCREMENT BY 1
 MINVALUE 1
 MAXVALUE 100
 START WITH 101
 CACHE 30;

-- ----------------------------
-- Sequence structure for DINGDANID
-- ----------------------------
DROP SEQUENCE "SCOTT"."DINGDANID";
CREATE SEQUENCE "SCOTT"."DINGDANID"
 INCREMENT BY 1
 MINVALUE 1
 MAXVALUE 1000
 START WITH 181
 CACHE 30;

-- ----------------------------
-- Sequence structure for EXCHANGECODEID
-- ----------------------------
DROP SEQUENCE "SCOTT"."EXCHANGECODEID";
CREATE SEQUENCE "SCOTT"."EXCHANGECODEID"
 INCREMENT BY 1
 MINVALUE 1
 MAXVALUE 1000
 START WITH 31
 CACHE 30;

-- ----------------------------
-- Sequence structure for FORUMID
-- ----------------------------
DROP SEQUENCE "SCOTT"."FORUMID";
CREATE SEQUENCE "SCOTT"."FORUMID"
 INCREMENT BY 1
 MINVALUE 1
 MAXVALUE 1000
 START WITH 1
 CACHE 30;

-- ----------------------------
-- Sequence structure for HOME_ID
-- ----------------------------
DROP SEQUENCE "SCOTT"."HOME_ID";
CREATE SEQUENCE "SCOTT"."HOME_ID"
 INCREMENT BY 1
 MINVALUE 1
 MAXVALUE 1000
 START WITH 241
 CACHE 30;

-- ----------------------------
-- Sequence structure for HOMEPARTID
-- ----------------------------
DROP SEQUENCE "SCOTT"."HOMEPARTID";
CREATE SEQUENCE "SCOTT"."HOMEPARTID"
 INCREMENT BY 1
 MINVALUE 1
 MAXVALUE 1000
 START WITH 1
 CACHE 30;

-- ----------------------------
-- Sequence structure for KAIHUID
-- ----------------------------
DROP SEQUENCE "SCOTT"."KAIHUID";
CREATE SEQUENCE "SCOTT"."KAIHUID"
 INCREMENT BY 1
 MINVALUE 1
 MAXVALUE 100
 START WITH 101
 CACHE 30;

-- ----------------------------
-- Sequence structure for MANAGER_ID
-- ----------------------------
DROP SEQUENCE "SCOTT"."MANAGER_ID";
CREATE SEQUENCE "SCOTT"."MANAGER_ID"
 INCREMENT BY 1
 MINVALUE 1
 MAXVALUE 100
 START WITH 61
 CACHE 30;

-- ----------------------------
-- Sequence structure for NEW_MSG_ID
-- ----------------------------
DROP SEQUENCE "SCOTT"."NEW_MSG_ID";
CREATE SEQUENCE "SCOTT"."NEW_MSG_ID"
 INCREMENT BY 1
 MINVALUE 1
 MAXVALUE 1000
 START WITH 31
 CACHE 30;

-- ----------------------------
-- Sequence structure for ODS_USER
-- ----------------------------
DROP SEQUENCE "SCOTT"."ODS_USER";
CREATE SEQUENCE "SCOTT"."ODS_USER"
 INCREMENT BY 1
 MINVALUE 1
 MAXVALUE 9999999999999999
 START WITH 451
 CACHE 30;

-- ----------------------------
-- Sequence structure for PAYRECORDID
-- ----------------------------
DROP SEQUENCE "SCOTT"."PAYRECORDID";
CREATE SEQUENCE "SCOTT"."PAYRECORDID"
 INCREMENT BY 1
 MINVALUE 1
 MAXVALUE 1000
 START WITH 151
 CACHE 30;

-- ----------------------------
-- Sequence structure for RECORDID
-- ----------------------------
DROP SEQUENCE "SCOTT"."RECORDID";
CREATE SEQUENCE "SCOTT"."RECORDID"
 INCREMENT BY 1
 MINVALUE 1
 MAXVALUE 1000
 START WITH 1
 CACHE 30;

-- ----------------------------
-- Sequence structure for USERHOMEEVALID
-- ----------------------------
DROP SEQUENCE "SCOTT"."USERHOMEEVALID";
CREATE SEQUENCE "SCOTT"."USERHOMEEVALID"
 INCREMENT BY 1
 MINVALUE 1
 MAXVALUE 100
 START WITH 101
 CACHE 30;

-- ----------------------------
-- Sequence structure for USERID
-- ----------------------------
DROP SEQUENCE "SCOTT"."USERID";
CREATE SEQUENCE "SCOTT"."USERID"
 INCREMENT BY 1
 MINVALUE 1
 MAXVALUE 1000
 START WITH 121
 CACHE 30;

-- ----------------------------
-- Indexes structure for table ADDRESS
-- ----------------------------

-- ----------------------------
-- Checks structure for table ADDRESS
-- ----------------------------
ALTER TABLE "SCOTT"."ADDRESS" ADD CHECK ("ADDRESSID" IS NOT NULL);
ALTER TABLE "SCOTT"."ADDRESS" ADD CHECK (effective=0 or effective=1);

-- ----------------------------
-- Primary Key structure for table ADDRESS
-- ----------------------------
ALTER TABLE "SCOTT"."ADDRESS" ADD PRIMARY KEY ("ADDRESSID");

-- ----------------------------
-- Indexes structure for table BANK
-- ----------------------------

-- ----------------------------
-- Uniques structure for table BANK
-- ----------------------------
ALTER TABLE "SCOTT"."BANK" ADD UNIQUE ("BANKNAME");

-- ----------------------------
-- Checks structure for table BANK
-- ----------------------------
ALTER TABLE "SCOTT"."BANK" ADD CHECK ("BANKID" IS NOT NULL);
ALTER TABLE "SCOTT"."BANK" ADD CHECK ("BANKNAME" IS NOT NULL);

-- ----------------------------
-- Primary Key structure for table BANK
-- ----------------------------
ALTER TABLE "SCOTT"."BANK" ADD PRIMARY KEY ("BANKID");

-- ----------------------------
-- Indexes structure for table CASHRECORD
-- ----------------------------

-- ----------------------------
-- Checks structure for table CASHRECORD
-- ----------------------------
ALTER TABLE "SCOTT"."CASHRECORD" ADD CHECK ("PAYRECORDID" IS NOT NULL);
ALTER TABLE "SCOTT"."CASHRECORD" ADD CHECK ("USERID" IS NOT NULL);
ALTER TABLE "SCOTT"."CASHRECORD" ADD CHECK ("STATUS" IS NOT NULL);

-- ----------------------------
-- Primary Key structure for table CASHRECORD
-- ----------------------------
ALTER TABLE "SCOTT"."CASHRECORD" ADD PRIMARY KEY ("PAYRECORDID");

-- ----------------------------
-- Indexes structure for table CITY
-- ----------------------------

-- ----------------------------
-- Uniques structure for table CITY
-- ----------------------------
ALTER TABLE "SCOTT"."CITY" ADD UNIQUE ("CITYNAME");

-- ----------------------------
-- Checks structure for table CITY
-- ----------------------------
ALTER TABLE "SCOTT"."CITY" ADD CHECK ("CITYID" IS NOT NULL);
ALTER TABLE "SCOTT"."CITY" ADD CHECK ("CITYNAME" IS NOT NULL);

-- ----------------------------
-- Primary Key structure for table CITY
-- ----------------------------
ALTER TABLE "SCOTT"."CITY" ADD PRIMARY KEY ("CITYID");

-- ----------------------------
-- Indexes structure for table COLLECTION
-- ----------------------------

-- ----------------------------
-- Checks structure for table COLLECTION
-- ----------------------------
ALTER TABLE "SCOTT"."COLLECTION" ADD CHECK ("COLLECTIONID" IS NOT NULL);
ALTER TABLE "SCOTT"."COLLECTION" ADD CHECK ("PICTUREURL" IS NOT NULL);
ALTER TABLE "SCOTT"."COLLECTION" ADD CHECK ("PRICE" IS NOT NULL);
ALTER TABLE "SCOTT"."COLLECTION" ADD CHECK ("DISCOUNT" IS NOT NULL);

-- ----------------------------
-- Primary Key structure for table COLLECTION
-- ----------------------------
ALTER TABLE "SCOTT"."COLLECTION" ADD PRIMARY KEY ("COLLECTIONID");

-- ----------------------------
-- Indexes structure for table DEPT
-- ----------------------------

-- ----------------------------
-- Primary Key structure for table DEPT
-- ----------------------------
ALTER TABLE "SCOTT"."DEPT" ADD PRIMARY KEY ("DEPTNO");

-- ----------------------------
-- Indexes structure for table DINGDAN
-- ----------------------------

-- ----------------------------
-- Checks structure for table DINGDAN
-- ----------------------------
ALTER TABLE "SCOTT"."DINGDAN" ADD CHECK ("DINGDANID" IS NOT NULL);
ALTER TABLE "SCOTT"."DINGDAN" ADD CHECK ("DINGDANNUMBER" IS NOT NULL);
ALTER TABLE "SCOTT"."DINGDAN" ADD CHECK (effective=1 or effective=2 or effective=3 or effective=4 or effective=5);

-- ----------------------------
-- Primary Key structure for table DINGDAN
-- ----------------------------
ALTER TABLE "SCOTT"."DINGDAN" ADD PRIMARY KEY ("DINGDANID");

-- ----------------------------
-- Indexes structure for table EMP
-- ----------------------------

-- ----------------------------
-- Primary Key structure for table EMP
-- ----------------------------
ALTER TABLE "SCOTT"."EMP" ADD PRIMARY KEY ("EMPNO");

-- ----------------------------
-- Indexes structure for table EXCHANGECODE
-- ----------------------------

-- ----------------------------
-- Checks structure for table EXCHANGECODE
-- ----------------------------
ALTER TABLE "SCOTT"."EXCHANGECODE" ADD CHECK ("EXCHANGECODEID" IS NOT NULL);
ALTER TABLE "SCOTT"."EXCHANGECODE" ADD CHECK ("ACTIVITYID" IS NOT NULL);
ALTER TABLE "SCOTT"."EXCHANGECODE" ADD CHECK ("EXCHANGECODE" IS NOT NULL);

-- ----------------------------
-- Primary Key structure for table EXCHANGECODE
-- ----------------------------
ALTER TABLE "SCOTT"."EXCHANGECODE" ADD PRIMARY KEY ("EXCHANGECODEID");

-- ----------------------------
-- Indexes structure for table EXCHANGERECORD
-- ----------------------------

-- ----------------------------
-- Checks structure for table EXCHANGERECORD
-- ----------------------------
ALTER TABLE "SCOTT"."EXCHANGERECORD" ADD CHECK ("ACTIVITY_ID" IS NOT NULL);
ALTER TABLE "SCOTT"."EXCHANGERECORD" ADD CHECK ("ACTIVITY_NAME" IS NOT NULL);
ALTER TABLE "SCOTT"."EXCHANGERECORD" ADD CHECK ("ACTIVITY_DESC" IS NOT NULL);
ALTER TABLE "SCOTT"."EXCHANGERECORD" ADD CHECK ("ACTIVITY_DATE" IS NOT NULL);

-- ----------------------------
-- Primary Key structure for table EXCHANGERECORD
-- ----------------------------
ALTER TABLE "SCOTT"."EXCHANGERECORD" ADD PRIMARY KEY ("ACTIVITY_ID");

-- ----------------------------
-- Indexes structure for table FORUM
-- ----------------------------

-- ----------------------------
-- Checks structure for table FORUM
-- ----------------------------
ALTER TABLE "SCOTT"."FORUM" ADD CHECK ("FORUMID" IS NOT NULL);
ALTER TABLE "SCOTT"."FORUM" ADD CHECK ("REPLAYUSERID" IS NOT NULL);
ALTER TABLE "SCOTT"."FORUM" ADD CHECK ("FORUMTYPE" IS NOT NULL);
ALTER TABLE "SCOTT"."FORUM" ADD CHECK ("CONTENT" IS NOT NULL);
ALTER TABLE "SCOTT"."FORUM" ADD CHECK (forumType=1 or forumType=2);

-- ----------------------------
-- Primary Key structure for table FORUM
-- ----------------------------
ALTER TABLE "SCOTT"."FORUM" ADD PRIMARY KEY ("FORUMID");

-- ----------------------------
-- Indexes structure for table HOME
-- ----------------------------

-- ----------------------------
-- Checks structure for table HOME
-- ----------------------------
ALTER TABLE "SCOTT"."HOME" ADD CHECK ("HOME_ID" IS NOT NULL);
ALTER TABLE "SCOTT"."HOME" ADD CHECK ("HOME_NAME" IS NOT NULL);
ALTER TABLE "SCOTT"."HOME" ADD CHECK ("PICTURE_URL" IS NOT NULL);
ALTER TABLE "SCOTT"."HOME" ADD CHECK ("ONE_WORD" IS NOT NULL);
ALTER TABLE "SCOTT"."HOME" ADD CHECK ("HOME_COUNT" IS NOT NULL);
ALTER TABLE "SCOTT"."HOME" ADD CHECK ("PRICE" IS NOT NULL);
ALTER TABLE "SCOTT"."HOME" ADD CHECK ("DISCOUNT" IS NOT NULL);
ALTER TABLE "SCOTT"."HOME" ADD CHECK ("EFFECTIVE" IS NOT NULL);
ALTER TABLE "SCOTT"."HOME" ADD CHECK ("REPLAY_DATE" IS NOT NULL);
ALTER TABLE "SCOTT"."HOME" ADD CHECK ("REPLAY_USERNAME" IS NOT NULL);

-- ----------------------------
-- Primary Key structure for table HOME
-- ----------------------------
ALTER TABLE "SCOTT"."HOME" ADD PRIMARY KEY ("HOME_ID");

-- ----------------------------
-- Indexes structure for table HOMEPART
-- ----------------------------

-- ----------------------------
-- Checks structure for table HOMEPART
-- ----------------------------
ALTER TABLE "SCOTT"."HOMEPART" ADD CHECK ("HOMEPARTID" IS NOT NULL);
ALTER TABLE "SCOTT"."HOMEPART" ADD CHECK ("HOMEID" IS NOT NULL);
ALTER TABLE "SCOTT"."HOMEPART" ADD CHECK ("PAIXU" IS NOT NULL);
ALTER TABLE "SCOTT"."HOMEPART" ADD CHECK ("STATUS" IS NOT NULL);
ALTER TABLE "SCOTT"."HOMEPART" ADD CHECK (isfree=1 or isfree=0);
ALTER TABLE "SCOTT"."HOMEPART" ADD CHECK (status=0 or status=1 or status=2);

-- ----------------------------
-- Primary Key structure for table HOMEPART
-- ----------------------------
ALTER TABLE "SCOTT"."HOMEPART" ADD PRIMARY KEY ("HOMEPARTID");

-- ----------------------------
-- Indexes structure for table KAIHU
-- ----------------------------

-- ----------------------------
-- Checks structure for table KAIHU
-- ----------------------------
ALTER TABLE "SCOTT"."KAIHU" ADD CHECK ("KAIHUID" IS NOT NULL);

-- ----------------------------
-- Primary Key structure for table KAIHU
-- ----------------------------
ALTER TABLE "SCOTT"."KAIHU" ADD PRIMARY KEY ("KAIHUID");

-- ----------------------------
-- Indexes structure for table MANAGER
-- ----------------------------

-- ----------------------------
-- Uniques structure for table MANAGER
-- ----------------------------
ALTER TABLE "SCOTT"."MANAGER" ADD UNIQUE ("MANAGER_ACCOUNT");
ALTER TABLE "SCOTT"."MANAGER" ADD UNIQUE ("MANAGER_PASSWORD");
ALTER TABLE "SCOTT"."MANAGER" ADD UNIQUE ("MANAGER_NAME");
ALTER TABLE "SCOTT"."MANAGER" ADD UNIQUE ("MANAGER_CONTACT");

-- ----------------------------
-- Checks structure for table MANAGER
-- ----------------------------
ALTER TABLE "SCOTT"."MANAGER" ADD CHECK ("MANAGER_ID" IS NOT NULL);
ALTER TABLE "SCOTT"."MANAGER" ADD CHECK ("MANAGER_ACCOUNT" IS NOT NULL);
ALTER TABLE "SCOTT"."MANAGER" ADD CHECK ("MANAGER_PASSWORD" IS NOT NULL);
ALTER TABLE "SCOTT"."MANAGER" ADD CHECK ("MANAGER_NAME" IS NOT NULL);
ALTER TABLE "SCOTT"."MANAGER" ADD CHECK ("MANAGER_SEX" IS NOT NULL);
ALTER TABLE "SCOTT"."MANAGER" ADD CHECK ("MANAGER_CONTACT" IS NOT NULL);
ALTER TABLE "SCOTT"."MANAGER" ADD CHECK (manager_sex=0 or manager_sex=1);

-- ----------------------------
-- Primary Key structure for table MANAGER
-- ----------------------------
ALTER TABLE "SCOTT"."MANAGER" ADD PRIMARY KEY ("MANAGER_ID");

-- ----------------------------
-- Indexes structure for table MONEYRECORD
-- ----------------------------

-- ----------------------------
-- Checks structure for table MONEYRECORD
-- ----------------------------
ALTER TABLE "SCOTT"."MONEYRECORD" ADD CHECK ("RECORDID" IS NOT NULL);
ALTER TABLE "SCOTT"."MONEYRECORD" ADD CHECK ("USERID" IS NOT NULL);
ALTER TABLE "SCOTT"."MONEYRECORD" ADD CHECK ("PAY_DATE" IS NOT NULL);

-- ----------------------------
-- Primary Key structure for table MONEYRECORD
-- ----------------------------
ALTER TABLE "SCOTT"."MONEYRECORD" ADD PRIMARY KEY ("RECORDID");

-- ----------------------------
-- Indexes structure for table NEWMSG
-- ----------------------------

-- ----------------------------
-- Checks structure for table NEWMSG
-- ----------------------------
ALTER TABLE "SCOTT"."NEWMSG" ADD CHECK ("NEW_MSG_ID" IS NOT NULL);
ALTER TABLE "SCOTT"."NEWMSG" ADD CHECK ("MSG_NAME" IS NOT NULL);
ALTER TABLE "SCOTT"."NEWMSG" ADD CHECK ("MSG_CONTENT" IS NOT NULL);
ALTER TABLE "SCOTT"."NEWMSG" ADD CHECK ("MSG_CONTENT_URL" IS NOT NULL);
ALTER TABLE "SCOTT"."NEWMSG" ADD CHECK ("PUBLISH_DATE" IS NOT NULL);
ALTER TABLE "SCOTT"."NEWMSG" ADD CHECK ("PUBLISH_USERNAME" IS NOT NULL);
ALTER TABLE "SCOTT"."NEWMSG" ADD CHECK ("EFFECTIVE" IS NOT NULL);
ALTER TABLE "SCOTT"."NEWMSG" ADD CHECK ("SEQ" IS NOT NULL);
ALTER TABLE "SCOTT"."NEWMSG" ADD CHECK ("NEWSTYPE" IS NOT NULL);
ALTER TABLE "SCOTT"."NEWMSG" ADD CHECK ("IMAGE_URL" IS NOT NULL);
ALTER TABLE "SCOTT"."NEWMSG" ADD CHECK (effective=0 or effective=1);
ALTER TABLE "SCOTT"."NEWMSG" ADD CHECK (newsType=0 or newsType=1);

-- ----------------------------
-- Primary Key structure for table NEWMSG
-- ----------------------------
ALTER TABLE "SCOTT"."NEWMSG" ADD PRIMARY KEY ("NEW_MSG_ID");

-- ----------------------------
-- Indexes structure for table PAYRECORD
-- ----------------------------

-- ----------------------------
-- Checks structure for table PAYRECORD
-- ----------------------------
ALTER TABLE "SCOTT"."PAYRECORD" ADD CHECK ("PAYRECORDID" IS NOT NULL);
ALTER TABLE "SCOTT"."PAYRECORD" ADD CHECK ("USERID" IS NOT NULL);

-- ----------------------------
-- Primary Key structure for table PAYRECORD
-- ----------------------------
ALTER TABLE "SCOTT"."PAYRECORD" ADD PRIMARY KEY ("PAYRECORDID");

-- ----------------------------
-- Indexes structure for table PROVINCE
-- ----------------------------

-- ----------------------------
-- Uniques structure for table PROVINCE
-- ----------------------------
ALTER TABLE "SCOTT"."PROVINCE" ADD UNIQUE ("PROVINCENAME");

-- ----------------------------
-- Checks structure for table PROVINCE
-- ----------------------------
ALTER TABLE "SCOTT"."PROVINCE" ADD CHECK ("PROVINCEID" IS NOT NULL);
ALTER TABLE "SCOTT"."PROVINCE" ADD CHECK ("PROVINCENAME" IS NOT NULL);

-- ----------------------------
-- Primary Key structure for table PROVINCE
-- ----------------------------
ALTER TABLE "SCOTT"."PROVINCE" ADD PRIMARY KEY ("PROVINCEID");

-- ----------------------------
-- Indexes structure for table SHOPPINGCAR
-- ----------------------------

-- ----------------------------
-- Checks structure for table SHOPPINGCAR
-- ----------------------------
ALTER TABLE "SCOTT"."SHOPPINGCAR" ADD CHECK ("CARID" IS NOT NULL);
ALTER TABLE "SCOTT"."SHOPPINGCAR" ADD CHECK ("HOMEID" IS NOT NULL);
ALTER TABLE "SCOTT"."SHOPPINGCAR" ADD CHECK ("USERNAME" IS NOT NULL);
ALTER TABLE "SCOTT"."SHOPPINGCAR" ADD CHECK ("PICTUREURL" IS NOT NULL);
ALTER TABLE "SCOTT"."SHOPPINGCAR" ADD CHECK ("ONEWORD" IS NOT NULL);
ALTER TABLE "SCOTT"."SHOPPINGCAR" ADD CHECK ("HOMECOUNT" IS NOT NULL);
ALTER TABLE "SCOTT"."SHOPPINGCAR" ADD CHECK ("PRICE" IS NOT NULL);
ALTER TABLE "SCOTT"."SHOPPINGCAR" ADD CHECK ("DISCOUNT" IS NOT NULL);
ALTER TABLE "SCOTT"."SHOPPINGCAR" ADD CHECK ("REPLAYDATE" IS NOT NULL);
ALTER TABLE "SCOTT"."SHOPPINGCAR" ADD CHECK ("REPLAYUSERNAME" IS NOT NULL);

-- ----------------------------
-- Primary Key structure for table SHOPPINGCAR
-- ----------------------------
ALTER TABLE "SCOTT"."SHOPPINGCAR" ADD PRIMARY KEY ("CARID");

-- ----------------------------
-- Indexes structure for table USERHOMEEVAL
-- ----------------------------

-- ----------------------------
-- Checks structure for table USERHOMEEVAL
-- ----------------------------
ALTER TABLE "SCOTT"."USERHOMEEVAL" ADD CHECK ("USERHOMEEVALID" IS NOT NULL);
ALTER TABLE "SCOTT"."USERHOMEEVAL" ADD CHECK ("USERID" IS NOT NULL);
ALTER TABLE "SCOTT"."USERHOMEEVAL" ADD CHECK ("HOMEID" IS NOT NULL);
ALTER TABLE "SCOTT"."USERHOMEEVAL" ADD CHECK ("EVALLEVEL" IS NOT NULL);
ALTER TABLE "SCOTT"."USERHOMEEVAL" ADD CHECK ("EVALDATE" IS NOT NULL);

-- ----------------------------
-- Primary Key structure for table USERHOMEEVAL
-- ----------------------------
ALTER TABLE "SCOTT"."USERHOMEEVAL" ADD PRIMARY KEY ("USERHOMEEVALID");

-- ----------------------------
-- Indexes structure for table USERS
-- ----------------------------

-- ----------------------------
-- Checks structure for table USERS
-- ----------------------------
ALTER TABLE "SCOTT"."USERS" ADD CHECK ("USERID" IS NOT NULL);
ALTER TABLE "SCOTT"."USERS" ADD CHECK ("USERMOBILE" IS NOT NULL);
ALTER TABLE "SCOTT"."USERS" ADD CHECK ("USERPASSWORD" IS NOT NULL);
ALTER TABLE "SCOTT"."USERS" ADD CHECK ("USERNAME" IS NOT NULL);
ALTER TABLE "SCOTT"."USERS" ADD CHECK (usersex=0 or usersex=1);

-- ----------------------------
-- Primary Key structure for table USERS
-- ----------------------------
ALTER TABLE "SCOTT"."USERS" ADD PRIMARY KEY ("USERID");

-- ----------------------------
-- Foreign Key structure for table "SCOTT"."ADDRESS"
-- ----------------------------
ALTER TABLE "SCOTT"."ADDRESS" ADD FOREIGN KEY ("USERID") REFERENCES "SCOTT"."USERS" ("USERID");

-- ----------------------------
-- Foreign Key structure for table "SCOTT"."CASHRECORD"
-- ----------------------------
ALTER TABLE "SCOTT"."CASHRECORD" ADD FOREIGN KEY ("USERID") REFERENCES "SCOTT"."USERS" ("USERID");

-- ----------------------------
-- Foreign Key structure for table "SCOTT"."CITY"
-- ----------------------------
ALTER TABLE "SCOTT"."CITY" ADD FOREIGN KEY ("PROVINCEID") REFERENCES "SCOTT"."PROVINCE" ("PROVINCEID");

-- ----------------------------
-- Foreign Key structure for table "SCOTT"."EMP"
-- ----------------------------
ALTER TABLE "SCOTT"."EMP" ADD FOREIGN KEY ("DEPTNO") REFERENCES "SCOTT"."DEPT" ("DEPTNO");

-- ----------------------------
-- Foreign Key structure for table "SCOTT"."EXCHANGECODE"
-- ----------------------------
ALTER TABLE "SCOTT"."EXCHANGECODE" ADD FOREIGN KEY ("ACTIVITYID") REFERENCES "SCOTT"."EXCHANGERECORD" ("ACTIVITY_ID");

-- ----------------------------
-- Foreign Key structure for table "SCOTT"."FORUM"
-- ----------------------------
ALTER TABLE "SCOTT"."FORUM" ADD FOREIGN KEY ("USERID") REFERENCES "SCOTT"."USERS" ("USERID");

-- ----------------------------
-- Foreign Key structure for table "SCOTT"."KAIHU"
-- ----------------------------
ALTER TABLE "SCOTT"."KAIHU" ADD FOREIGN KEY ("USERID") REFERENCES "SCOTT"."USERS" ("USERID");
ALTER TABLE "SCOTT"."KAIHU" ADD FOREIGN KEY ("BANKID") REFERENCES "SCOTT"."BANK" ("BANKID");

-- ----------------------------
-- Foreign Key structure for table "SCOTT"."MONEYRECORD"
-- ----------------------------
ALTER TABLE "SCOTT"."MONEYRECORD" ADD FOREIGN KEY ("USERID") REFERENCES "SCOTT"."USERS" ("USERID");

-- ----------------------------
-- Foreign Key structure for table "SCOTT"."PAYRECORD"
-- ----------------------------
ALTER TABLE "SCOTT"."PAYRECORD" ADD FOREIGN KEY ("USERID") REFERENCES "SCOTT"."USERS" ("USERID");

-- ----------------------------
-- Foreign Key structure for table "SCOTT"."USERHOMEEVAL"
-- ----------------------------
ALTER TABLE "SCOTT"."USERHOMEEVAL" ADD FOREIGN KEY ("USERID") REFERENCES "SCOTT"."USERS" ("USERID");
ALTER TABLE "SCOTT"."USERHOMEEVAL" ADD FOREIGN KEY ("HOMEID") REFERENCES "SCOTT"."HOME" ("HOME_ID");

-- ----------------------------
-- Foreign Key structure for table "SCOTT"."USERS"
-- ----------------------------
ALTER TABLE "SCOTT"."USERS" ADD FOREIGN KEY ("PROVINCEID") REFERENCES "SCOTT"."PROVINCE" ("PROVINCEID");
ALTER TABLE "SCOTT"."USERS" ADD FOREIGN KEY ("CITYID") REFERENCES "SCOTT"."CITY" ("CITYID");
